study_accession	run_accession	read_count	library_strategy	library_source	library_selection	library_layout	instrument_platform	instrument_model	scientific_name	tax_id
PRJEB80740	ERR15108336	1468574	WGS	METAGENOMIC	RANDOM	PAIRED	ILLUMINA	NextSeq 500	Homo sapiens	9606
PRJEB80740	ERR15108340	1618192	WGS	METAGENOMIC	RANDOM	PAIRED	ILLUMINA	NextSeq 500	Homo sapiens	9606
PRJEB80740	ERR15108344	1804718	WGS	METAGENOMIC	RANDOM	PAIRED	ILLUMINA	NextSeq 500	Homo sapiens	9606
PRJEB80740	ERR15108347	1411698	WGS	METAGENOMIC	RANDOM	PAIRED	ILLUMINA	NextSeq 500	Homo sapiens	9606
PRJEB80740	ERR15108353	1605556	WGS	METAGENOMIC	RANDOM	PAIRED	ILLUMINA	NextSeq 500	Homo sapiens	9606
PRJEB80740	ERR15108359	1562092	WGS	METAGENOMIC	RANDOM	PAIRED	ILLUMINA	NextSeq 500	Homo sapiens	9606
PRJEB80740	ERR15108361	1524302	WGS	METAGENOMIC	RANDOM	PAIRED	ILLUMINA	NextSeq 500	Homo sapiens	9606
PRJEB80740	ERR15108369	2095362	WGS	METAGENOMIC	RANDOM	PAIRED	ILLUMINA	NextSeq 500	Homo sapiens	9606
PRJEB80740	ERR15108370	1757878	WGS	METAGENOMIC	RANDOM	PAIRED	ILLUMINA	NextSeq 500	Homo sapiens	9606
PRJEB80740	ERR15108374	1925024	WGS	METAGENOMIC	RANDOM	PAIRED	ILLUMINA	NextSeq 500	Homo sapiens	9606
PRJEB80740	ERR15108375	1830370	WGS	METAGENOMIC	RANDOM	PAIRED	ILLUMINA	NextSeq 500	Homo sapiens	9606
PRJEB80740	ERR15108379	1956266	WGS	METAGENOMIC	RANDOM	PAIRED	ILLUMINA	NextSeq 500	Homo sapiens	9606
PRJEB80740	ERR15108381	1910354	WGS	METAGENOMIC	RANDOM	PAIRED	ILLUMINA	NextSeq 500	Homo sapiens	9606
PRJEB80740	ERR15108384	1582098	WGS	METAGENOMIC	RANDOM	PAIRED	ILLUMINA	NextSeq 500	Homo sapiens	9606
PRJEB80740	ERR15108386	1835394	WGS	METAGENOMIC	RANDOM	PAIRED	ILLUMINA	NextSeq 500	Homo sapiens	9606
PRJEB80740	ERR15108388	1772336	WGS	METAGENOMIC	RANDOM	PAIRED	ILLUMINA	NextSeq 500	Homo sapiens	9606
PRJEB80740	ERR15108391	1860518	WGS	METAGENOMIC	RANDOM	PAIRED	ILLUMINA	NextSeq 500	Homo sapiens	9606
PRJEB80740	ERR15108392	1861828	WGS	METAGENOMIC	RANDOM	PAIRED	ILLUMINA	NextSeq 500	Homo sapiens	9606
PRJEB80740	ERR15108395	1652602	WGS	METAGENOMIC	RANDOM	PAIRED	ILLUMINA	NextSeq 500	Homo sapiens	9606
PRJEB80740	ERR15108399	2115614	WGS	METAGENOMIC	RANDOM	PAIRED	ILLUMINA	NextSeq 500	Homo sapiens	9606
PRJEB80740	ERR15108402	1891414	WGS	METAGENOMIC	RANDOM	PAIRED	ILLUMINA	NextSeq 500	Homo sapiens	9606
PRJEB80740	ERR15108404	1805940	WGS	METAGENOMIC	RANDOM	PAIRED	ILLUMINA	NextSeq 500	Homo sapiens	9606
PRJEB80740	ERR15108410	1815480	WGS	METAGENOMIC	RANDOM	PAIRED	ILLUMINA	NextSeq 500	Homo sapiens	9606
PRJEB80740	ERR15108411	1717828	WGS	METAGENOMIC	RANDOM	PAIRED	ILLUMINA	NextSeq 500	Homo sapiens	9606
PRJEB80740	ERR15108412	1734150	WGS	METAGENOMIC	RANDOM	PAIRED	ILLUMINA	NextSeq 500	Homo sapiens	9606
PRJEB80740	ERR15108414	2081212	WGS	METAGENOMIC	RANDOM	PAIRED	ILLUMINA	NextSeq 500	Homo sapiens	9606
PRJEB80740	ERR15108417	1913814	WGS	METAGENOMIC	RANDOM	PAIRED	ILLUMINA	NextSeq 500	Homo sapiens	9606
PRJEB80740	ERR15108418	1695008	WGS	METAGENOMIC	RANDOM	PAIRED	ILLUMINA	NextSeq 500	Homo sapiens	9606
PRJEB80740	ERR15108422	1571078	WGS	METAGENOMIC	RANDOM	PAIRED	ILLUMINA	NextSeq 500	Homo sapiens	9606
PRJEB80740	ERR15108423	1489442	WGS	METAGENOMIC	RANDOM	PAIRED	ILLUMINA	NextSeq 500	Homo sapiens	9606
PRJEB80740	ERR15108424	1520836	WGS	METAGENOMIC	RANDOM	PAIRED	ILLUMINA	NextSeq 500	Homo sapiens	9606
PRJEB80740	ERR15108430	1931268	WGS	METAGENOMIC	RANDOM	PAIRED	ILLUMINA	NextSeq 500	Homo sapiens	9606
PRJEB80740	ERR15108431	1829014	WGS	METAGENOMIC	RANDOM	PAIRED	ILLUMINA	NextSeq 500	Homo sapiens	9606
PRJEB80740	ERR15108433	1787588	WGS	METAGENOMIC	RANDOM	PAIRED	ILLUMINA	NextSeq 500	Homo sapiens	9606
PRJEB80740	ERR15108435	1819008	WGS	METAGENOMIC	RANDOM	PAIRED	ILLUMINA	NextSeq 500	Homo sapiens	9606
PRJEB80740	ERR15108436	1839600	WGS	METAGENOMIC	RANDOM	PAIRED	ILLUMINA	NextSeq 500	Homo sapiens	9606
PRJEB80740	ERR15108438	1787584	WGS	METAGENOMIC	RANDOM	PAIRED	ILLUMINA	NextSeq 500	Homo sapiens	9606
PRJEB80740	ERR15108440	1724732	WGS	METAGENOMIC	RANDOM	PAIRED	ILLUMINA	NextSeq 500	Homo sapiens	9606
PRJEB80740	ERR15108444	2066268	WGS	METAGENOMIC	RANDOM	PAIRED	ILLUMINA	NextSeq 500	Homo sapiens	9606
PRJEB80740	ERR15108447	1850166	WGS	METAGENOMIC	RANDOM	PAIRED	ILLUMINA	NextSeq 500	Homo sapiens	9606
PRJEB80740	ERR15108457	1745954	WGS	METAGENOMIC	RANDOM	PAIRED	ILLUMINA	NextSeq 500	Homo sapiens	9606
PRJEB80740	ERR15108458	1876458	WGS	METAGENOMIC	RANDOM	PAIRED	ILLUMINA	NextSeq 500	Homo sapiens	9606
PRJEB80740	ERR15108460	1809578	WGS	METAGENOMIC	RANDOM	PAIRED	ILLUMINA	NextSeq 500	Homo sapiens	9606
PRJEB80740	ERR15108463	2117106	WGS	METAGENOMIC	RANDOM	PAIRED	ILLUMINA	NextSeq 500	Homo sapiens	9606
PRJEB80740	ERR15108466	1937242	WGS	METAGENOMIC	RANDOM	PAIRED	ILLUMINA	NextSeq 500	Homo sapiens	9606
PRJEB80740	ERR15108467	1853352	WGS	METAGENOMIC	RANDOM	PAIRED	ILLUMINA	NextSeq 500	Homo sapiens	9606
PRJEB80740	ERR15108476	1916942	WGS	METAGENOMIC	RANDOM	PAIRED	ILLUMINA	NextSeq 500	Homo sapiens	9606
PRJEB80740	ERR15108481	1912308	WGS	METAGENOMIC	RANDOM	PAIRED	ILLUMINA	NextSeq 500	Homo sapiens	9606
PRJEB80740	ERR15108482	2087838	WGS	METAGENOMIC	RANDOM	PAIRED	ILLUMINA	NextSeq 500	Homo sapiens	9606
PRJEB80740	ERR15108490	5432622	WGS	METAGENOMIC	RANDOM	PAIRED	ILLUMINA	NextSeq 500	Homo sapiens	9606
PRJEB80740	ERR15108491	5290854	WGS	METAGENOMIC	RANDOM	PAIRED	ILLUMINA	NextSeq 500	Homo sapiens	9606
PRJEB80740	ERR15108498	5827742	WGS	METAGENOMIC	RANDOM	PAIRED	ILLUMINA	NextSeq 500	Homo sapiens	9606
PRJEB80740	ERR15108499	5660678	WGS	METAGENOMIC	RANDOM	PAIRED	ILLUMINA	NextSeq 500	Homo sapiens	9606
PRJEB80740	ERR15108500	5646590	WGS	METAGENOMIC	RANDOM	PAIRED	ILLUMINA	NextSeq 500	Homo sapiens	9606
PRJEB80740	ERR15108506	5953472	WGS	METAGENOMIC	RANDOM	PAIRED	ILLUMINA	NextSeq 500	Homo sapiens	9606
PRJEB80740	ERR15108509	5714266	WGS	METAGENOMIC	RANDOM	PAIRED	ILLUMINA	NextSeq 500	Homo sapiens	9606
PRJEB80740	ERR15108514	5706474	WGS	METAGENOMIC	RANDOM	PAIRED	ILLUMINA	NextSeq 500	Homo sapiens	9606
PRJEB80740	ERR15108515	5565118	WGS	METAGENOMIC	RANDOM	PAIRED	ILLUMINA	NextSeq 500	Homo sapiens	9606
PRJEB80740	ERR15108519	7091084	WGS	METAGENOMIC	RANDOM	PAIRED	ILLUMINA	NextSeq 500	Homo sapiens	9606
PRJEB80740	ERR15108520	7061516	WGS	METAGENOMIC	RANDOM	PAIRED	ILLUMINA	NextSeq 500	Homo sapiens	9606
PRJEB80740	ERR15108534	14350372	WGS	METAGENOMIC	RANDOM	PAIRED	ILLUMINA	NextSeq 500	Homo sapiens	9606
PRJEB80740	ERR15108539	7665660	WGS	METAGENOMIC	RANDOM	PAIRED	ILLUMINA	NextSeq 500	Homo sapiens	9606
PRJEB80740	ERR15108559	7501202	WGS	METAGENOMIC	RANDOM	PAIRED	ILLUMINA	NextSeq 500	Homo sapiens	9606
PRJEB80740	ERR15108560	7419108	WGS	METAGENOMIC	RANDOM	PAIRED	ILLUMINA	NextSeq 500	Homo sapiens	9606
PRJEB80740	ERR15108570	9043250	WGS	METAGENOMIC	RANDOM	PAIRED	ILLUMINA	NextSeq 500	Homo sapiens	9606
PRJEB80740	ERR15108573	8625454	WGS	METAGENOMIC	RANDOM	PAIRED	ILLUMINA	NextSeq 500	Homo sapiens	9606
PRJEB88970	ERR14951230	5676618	WGS	METAGENOMIC	RANDOM	SINGLE	ILLUMINA	Illumina HiSeq 4000	Homo sapiens	9606
PRJEB88970	ERR14951237	6031670	WGS	METAGENOMIC	RANDOM	SINGLE	ILLUMINA	Illumina HiSeq 4000	Homo sapiens	9606
PRJEB88970	ERR14951241	5481360	WGS	METAGENOMIC	RANDOM	SINGLE	ILLUMINA	Illumina HiSeq 4000	Homo sapiens	9606
PRJEB88970	ERR14951243	5902982	WGS	METAGENOMIC	RANDOM	SINGLE	ILLUMINA	Illumina HiSeq 4000	Homo sapiens	9606
PRJEB88970	ERR14951247	5803281	WGS	METAGENOMIC	RANDOM	SINGLE	ILLUMINA	Illumina HiSeq 4000	Homo sapiens	9606
PRJEB88970	ERR14951254	5612317	WGS	METAGENOMIC	RANDOM	SINGLE	ILLUMINA	Illumina HiSeq 4000	Homo sapiens	9606
PRJNA659919	SRR12539208	28271696	WGS	METAGENOMIC	RANDOM	SINGLE	ILLUMINA	Illumina HiSeq 2500	Homo sapiens	9606
PRJEB31893	ERR3262717	13832046	WGS	METAGENOMIC	RANDOM	SINGLE	ILLUMINA	NextSeq 500	Homo sapiens	9606
PRJEB31893	ERR3262720	9915118	WGS	METAGENOMIC	RANDOM	SINGLE	ILLUMINA	NextSeq 500	Homo sapiens	9606
PRJEB31893	ERR3262721	4573609	WGS	METAGENOMIC	RANDOM	SINGLE	ILLUMINA	NextSeq 500	Homo sapiens	9606
PRJEB31893	ERR3262722	2066020	WGS	METAGENOMIC	RANDOM	SINGLE	ILLUMINA	NextSeq 500	Homo sapiens	9606
PRJEB31893	ERR3262724	16751527	WGS	METAGENOMIC	RANDOM	SINGLE	ILLUMINA	NextSeq 500	Homo sapiens	9606
PRJEB31893	ERR3262725	21328999	WGS	METAGENOMIC	RANDOM	SINGLE	ILLUMINA	NextSeq 500	Homo sapiens	9606
PRJEB31893	ERR3262726	13893356	WGS	METAGENOMIC	RANDOM	SINGLE	ILLUMINA	NextSeq 500	Homo sapiens	9606
PRJEB31893	ERR3262731	739600	WGS	METAGENOMIC	RANDOM	SINGLE	ILLUMINA	NextSeq 500	Homo sapiens	9606
PRJEB31893	ERR3262733	25338910	WGS	METAGENOMIC	RANDOM	SINGLE	ILLUMINA	NextSeq 500	Homo sapiens	9606
PRJEB31893	ERR3262736	119845	WGS	METAGENOMIC	RANDOM	SINGLE	ILLUMINA	NextSeq 500	Homo sapiens	9606
PRJEB31893	ERR3262760	1187156	WGS	METAGENOMIC	RANDOM	SINGLE	ILLUMINA	NextSeq 500	Homo sapiens	9606
PRJEB31893	ERR3262764	969243	WGS	METAGENOMIC	RANDOM	SINGLE	ILLUMINA	NextSeq 500	Homo sapiens	9606
PRJEB32764	ERR3354485	11417996	WGS	METAGENOMIC	RANDOM	SINGLE	ILLUMINA	NextSeq 500	Homo sapiens	9606
PRJEB32764	ERR3354495	23653933	WGS	METAGENOMIC	RANDOM	SINGLE	ILLUMINA	NextSeq 500	Homo sapiens	9606
PRJEB32764	ERR3354499	4831841	WGS	METAGENOMIC	RANDOM	SINGLE	ILLUMINA	NextSeq 500	Homo sapiens	9606
PRJEB32764	ERR3354500	4662170	WGS	METAGENOMIC	RANDOM	SINGLE	ILLUMINA	NextSeq 500	Homo sapiens	9606
PRJEB32764	ERR3354504	19758170	WGS	METAGENOMIC	RANDOM	SINGLE	ILLUMINA	NextSeq 500	Homo sapiens	9606
PRJEB32764	ERR3354506	9591926	WGS	METAGENOMIC	RANDOM	SINGLE	ILLUMINA	NextSeq 500	Homo sapiens	9606
PRJEB32764	ERR3354507	3827713	WGS	METAGENOMIC	RANDOM	SINGLE	ILLUMINA	NextSeq 500	Homo sapiens	9606
PRJEB32764	ERR3354509	4768940	WGS	METAGENOMIC	RANDOM	SINGLE	ILLUMINA	NextSeq 500	Homo sapiens	9606
PRJEB32764	ERR3354510	1090012	WGS	METAGENOMIC	RANDOM	SINGLE	ILLUMINA	NextSeq 500	Homo sapiens	9606
PRJEB32764	ERR3354512	14160145	WGS	METAGENOMIC	RANDOM	SINGLE	ILLUMINA	NextSeq 500	Homo sapiens	9606
PRJEB40698	ERR5032504	8039814	WGS	METAGENOMIC	RANDOM	SINGLE	ILLUMINA	NextSeq 500	Homo sapiens	9606
PRJEB40698	ERR5032506	298730894	WGS	METAGENOMIC	RANDOM	SINGLE	ILLUMINA	NextSeq 500	Homo sapiens	9606
PRJEB40698	ERR5032507	6722049	WGS	METAGENOMIC	RANDOM	SINGLE	ILLUMINA	NextSeq 500	Homo sapiens	9606
PRJEB40698	ERR5032516	78943389	WGS	METAGENOMIC	RANDOM	SINGLE	ILLUMINA	NextSeq 500	Homo sapiens	9606
PRJEB40698	ERR5032518	7014599	WGS	METAGENOMIC	RANDOM	SINGLE	ILLUMINA	NextSeq 500	Homo sapiens	9606
PRJEB40698	ERR5032520	105110027	WGS	METAGENOMIC	RANDOM	SINGLE	ILLUMINA	NextSeq 500	Homo sapiens	9606
PRJEB40698	ERR5032521	68076352	WGS	METAGENOMIC	RANDOM	SINGLE	ILLUMINA	NextSeq 500	Homo sapiens	9606
PRJEB40698	ERR5032531	1366083	WGS	METAGENOMIC	RANDOM	SINGLE	ILLUMINA	NextSeq 500	Homo sapiens	9606
PRJEB40698	ERR5032541	340479	WGS	METAGENOMIC	RANDOM	SINGLE	ILLUMINA	NextSeq 500	Homo sapiens	9606
PRJEB40698	ERR5032548	82956285	WGS	METAGENOMIC	RANDOM	SINGLE	ILLUMINA	NextSeq 500	Homo sapiens	9606
PRJEB37660	ERR5897769	11684588	WGS	METAGENOMIC	RANDOM	SINGLE	ILLUMINA	NextSeq 500	Homo sapiens	9606
PRJEB37660	ERR5897770	8999325	WGS	METAGENOMIC	RANDOM	SINGLE	ILLUMINA	NextSeq 500	Homo sapiens	9606
PRJEB37660	ERR5897771	72909171	WGS	METAGENOMIC	RANDOM	SINGLE	ILLUMINA	NextSeq 500	Homo sapiens	9606
PRJEB37660	ERR5897786	6994042	WGS	METAGENOMIC	RANDOM	SINGLE	ILLUMINA	NextSeq 500	Homo sapiens	9606
PRJEB37660	ERR5897790	8522689	WGS	METAGENOMIC	RANDOM	SINGLE	ILLUMINA	NextSeq 500	Homo sapiens	9606
PRJEB46155	ERR6212590	1015438377	WGS	METAGENOMIC	RANDOM	SINGLE	ILLUMINA	NextSeq 500	Homo sapiens	9606
PRJEB46155	ERR6212591	7695327	WGS	METAGENOMIC	RANDOM	SINGLE	ILLUMINA	NextSeq 500	Homo sapiens	9606
PRJEB47831	ERR7052383	2271498	WGS	METAGENOMIC	RANDOM	SINGLE	ILLUMINA	NextSeq 500	Homo sapiens	9606
PRJEB47831	ERR7052385	7712374	WGS	METAGENOMIC	RANDOM	SINGLE	ILLUMINA	NextSeq 500	Homo sapiens	9606
PRJEB47831	ERR7052392	7404390	WGS	METAGENOMIC	RANDOM	SINGLE	ILLUMINA	NextSeq 500	Homo sapiens	9606
PRJEB47831	ERR7052393	3927889	WGS	METAGENOMIC	RANDOM	SINGLE	ILLUMINA	NextSeq 500	Homo sapiens	9606
PRJEB47831	ERR7052395	3598647	WGS	METAGENOMIC	RANDOM	SINGLE	ILLUMINA	NextSeq 500	Homo sapiens	9606
PRJEB47831	ERR7052396	2698734	WGS	METAGENOMIC	RANDOM	SINGLE	ILLUMINA	NextSeq 500	Homo sapiens	9606
PRJEB76829	ERR15204811	49944710	WGS	METAGENOMIC	RANDOM	SINGLE	ILLUMINA	NextSeq 500	Homo sapiens	9606
PRJEB76829	ERR15204815	33889953	WGS	METAGENOMIC	RANDOM	SINGLE	ILLUMINA	NextSeq 500	Homo sapiens	9606
PRJEB76829	ERR16039589	234362662	WGS	METAGENOMIC	RANDOM	SINGLE	ILLUMINA	NextSeq 500	Homo sapiens	9606
PRJEB76829	ERR16039591	3202517	WGS	METAGENOMIC	RANDOM	SINGLE	ILLUMINA	NextSeq 500	Homo sapiens	9606
PRJEB76829	ERR16039594	59010167	WGS	METAGENOMIC	RANDOM	SINGLE	ILLUMINA	Illumina NovaSeq 6000	Homo sapiens	9606
PRJEB60072	ERR10908664	40951009	WGS	METAGENOMIC	RANDOM	SINGLE	ILLUMINA	NextSeq 550	Homo sapiens	9606
PRJEB60072	ERR10908672	11892640	WGS	METAGENOMIC	RANDOM	SINGLE	ILLUMINA	NextSeq 550	Homo sapiens	9606
PRJEB84914	ERR14206000	38685778	WGS	METAGENOMIC	RANDOM	PAIRED	ILLUMINA	Illumina NovaSeq 6000	Homo sapiens	9606
PRJEB84914	ERR14206002	6963502	WGS	METAGENOMIC	RANDOM	PAIRED	ILLUMINA	Illumina NovaSeq 6000	Homo sapiens	9606
PRJEB84914	ERR14206004	51511288	WGS	METAGENOMIC	RANDOM	PAIRED	ILLUMINA	Illumina NovaSeq 6000	Homo sapiens	9606
PRJEB84914	ERR14206007	3941320	WGS	METAGENOMIC	RANDOM	PAIRED	ILLUMINA	Illumina NovaSeq 6000	Homo sapiens	9606
PRJEB84914	ERR14206009	2299934	WGS	METAGENOMIC	RANDOM	PAIRED	ILLUMINA	Illumina NovaSeq 6000	Homo sapiens	9606
PRJEB84914	ERR14206010	2101130	WGS	METAGENOMIC	RANDOM	PAIRED	ILLUMINA	Illumina NovaSeq 6000	Homo sapiens	9606
PRJEB79566	ERR13615631	1500913	WGS	METAGENOMIC	RANDOM	SINGLE	ILLUMINA	Illumina MiSeq	Homo sapiens	9606
PRJEB79566	ERR13615633	1722688	WGS	METAGENOMIC	RANDOM	SINGLE	ILLUMINA	Illumina MiSeq	Homo sapiens	9606
PRJNA239147	SRR1185400	122830910	WGS	METAGENOMIC	RANDOM	PAIRED	ILLUMINA	Illumina HiSeq 1000	Homo sapiens	9606
PRJEB76829	ERR15204812	16210427	WGS	METAGENOMIC	RANDOM	SINGLE	ILLUMINA	NextSeq 500	Homo sapiens	9606
PRJEB76829	ERR15204813	116353217	WGS	METAGENOMIC	RANDOM	SINGLE	ILLUMINA	NextSeq 500	Homo sapiens	9606
PRJEB80740	ERR15108334	1537826	WGS	METAGENOMIC	RANDOM	PAIRED	ILLUMINA	NextSeq 500	Homo sapiens	9606
PRJEB80740	ERR15108335	1458738	WGS	METAGENOMIC	RANDOM	PAIRED	ILLUMINA	NextSeq 500	Homo sapiens	9606
PRJEB80740	ERR15108337	1424998	WGS	METAGENOMIC	RANDOM	PAIRED	ILLUMINA	NextSeq 500	Homo sapiens	9606
PRJEB80740	ERR15108341	1569274	WGS	METAGENOMIC	RANDOM	PAIRED	ILLUMINA	NextSeq 500	Homo sapiens	9606
PRJEB80740	ERR15108342	1885812	WGS	METAGENOMIC	RANDOM	PAIRED	ILLUMINA	NextSeq 500	Homo sapiens	9606
PRJEB80740	ERR15108345	1747514	WGS	METAGENOMIC	RANDOM	PAIRED	ILLUMINA	NextSeq 500	Homo sapiens	9606
PRJEB80740	ERR15108346	1483970	WGS	METAGENOMIC	RANDOM	PAIRED	ILLUMINA	NextSeq 500	Homo sapiens	9606
PRJEB80740	ERR15108352	1665136	WGS	METAGENOMIC	RANDOM	PAIRED	ILLUMINA	NextSeq 500	Homo sapiens	9606
PRJEB80740	ERR15108354	1893370	WGS	METAGENOMIC	RANDOM	PAIRED	ILLUMINA	NextSeq 500	Homo sapiens	9606
PRJEB80740	ERR15108355	1801170	WGS	METAGENOMIC	RANDOM	PAIRED	ILLUMINA	NextSeq 500	Homo sapiens	9606
PRJEB80740	ERR15108357	1755204	WGS	METAGENOMIC	RANDOM	PAIRED	ILLUMINA	NextSeq 500	Homo sapiens	9606
PRJEB80740	ERR15108362	1604636	WGS	METAGENOMIC	RANDOM	PAIRED	ILLUMINA	NextSeq 500	Homo sapiens	9606
PRJEB80740	ERR15108363	1514492	WGS	METAGENOMIC	RANDOM	PAIRED	ILLUMINA	NextSeq 500	Homo sapiens	9606
PRJEB80740	ERR15108364	1523818	WGS	METAGENOMIC	RANDOM	PAIRED	ILLUMINA	NextSeq 500	Homo sapiens	9606
PRJEB80740	ERR15108365	1478826	WGS	METAGENOMIC	RANDOM	PAIRED	ILLUMINA	NextSeq 500	Homo sapiens	9606
PRJEB80740	ERR15108366	2237784	WGS	METAGENOMIC	RANDOM	PAIRED	ILLUMINA	NextSeq 500	Homo sapiens	9606
PRJEB80740	ERR15108367	2139192	WGS	METAGENOMIC	RANDOM	PAIRED	ILLUMINA	NextSeq 500	Homo sapiens	9606
PRJEB80740	ERR15108368	2162970	WGS	METAGENOMIC	RANDOM	PAIRED	ILLUMINA	NextSeq 500	Homo sapiens	9606
PRJEB80740	ERR15108371	1661398	WGS	METAGENOMIC	RANDOM	PAIRED	ILLUMINA	NextSeq 500	Homo sapiens	9606
PRJEB80740	ERR15108372	1664210	WGS	METAGENOMIC	RANDOM	PAIRED	ILLUMINA	NextSeq 500	Homo sapiens	9606
PRJEB80740	ERR15108373	1620644	WGS	METAGENOMIC	RANDOM	PAIRED	ILLUMINA	NextSeq 500	Homo sapiens	9606
PRJEB80740	ERR15108376	1815520	WGS	METAGENOMIC	RANDOM	PAIRED	ILLUMINA	NextSeq 500	Homo sapiens	9606
PRJEB80740	ERR15108380	1957524	WGS	METAGENOMIC	RANDOM	PAIRED	ILLUMINA	NextSeq 500	Homo sapiens	9606
PRJEB80740	ERR15108383	1554182	WGS	METAGENOMIC	RANDOM	PAIRED	ILLUMINA	NextSeq 500	Homo sapiens	9606
PRJEB80740	ERR15108385	1523624	WGS	METAGENOMIC	RANDOM	PAIRED	ILLUMINA	NextSeq 500	Homo sapiens	9606
PRJEB80740	ERR15108387	1752438	WGS	METAGENOMIC	RANDOM	PAIRED	ILLUMINA	NextSeq 500	Homo sapiens	9606
PRJEB80740	ERR15108398	2223590	WGS	METAGENOMIC	RANDOM	PAIRED	ILLUMINA	NextSeq 500	Homo sapiens	9606
PRJEB80740	ERR15108401	2058132	WGS	METAGENOMIC	RANDOM	PAIRED	ILLUMINA	NextSeq 500	Homo sapiens	9606
PRJEB80740	ERR15108403	1810924	WGS	METAGENOMIC	RANDOM	PAIRED	ILLUMINA	NextSeq 500	Homo sapiens	9606
PRJEB80740	ERR15108406	2139112	WGS	METAGENOMIC	RANDOM	PAIRED	ILLUMINA	NextSeq 500	Homo sapiens	9606
PRJEB80740	ERR15108416	1993526	WGS	METAGENOMIC	RANDOM	PAIRED	ILLUMINA	NextSeq 500	Homo sapiens	9606
PRJEB80740	ERR15108420	1625884	WGS	METAGENOMIC	RANDOM	PAIRED	ILLUMINA	NextSeq 500	Homo sapiens	9606
PRJEB80740	ERR15108421	1568820	WGS	METAGENOMIC	RANDOM	PAIRED	ILLUMINA	NextSeq 500	Homo sapiens	9606
PRJEB80740	ERR15108425	1457890	WGS	METAGENOMIC	RANDOM	PAIRED	ILLUMINA	NextSeq 500	Homo sapiens	9606
PRJEB80740	ERR15108426	2080772	WGS	METAGENOMIC	RANDOM	PAIRED	ILLUMINA	NextSeq 500	Homo sapiens	9606
PRJEB80740	ERR15108428	1999744	WGS	METAGENOMIC	RANDOM	PAIRED	ILLUMINA	NextSeq 500	Homo sapiens	9606
PRJEB80740	ERR15108432	1855954	WGS	METAGENOMIC	RANDOM	PAIRED	ILLUMINA	NextSeq 500	Homo sapiens	9606
PRJEB80740	ERR15108434	1911406	WGS	METAGENOMIC	RANDOM	PAIRED	ILLUMINA	NextSeq 500	Homo sapiens	9606
PRJEB80740	ERR15108437	1778604	WGS	METAGENOMIC	RANDOM	PAIRED	ILLUMINA	NextSeq 500	Homo sapiens	9606
PRJEB80740	ERR15108439	1707854	WGS	METAGENOMIC	RANDOM	PAIRED	ILLUMINA	NextSeq 500	Homo sapiens	9606
PRJEB80740	ERR15108441	1674260	WGS	METAGENOMIC	RANDOM	PAIRED	ILLUMINA	NextSeq 500	Homo sapiens	9606
PRJEB80740	ERR15108443	2048664	WGS	METAGENOMIC	RANDOM	PAIRED	ILLUMINA	NextSeq 500	Homo sapiens	9606
PRJEB80740	ERR15108445	1995450	WGS	METAGENOMIC	RANDOM	PAIRED	ILLUMINA	NextSeq 500	Homo sapiens	9606
PRJEB80740	ERR15108448	1854702	WGS	METAGENOMIC	RANDOM	PAIRED	ILLUMINA	NextSeq 500	Homo sapiens	9606
PRJEB80740	ERR15108450	2186702	WGS	METAGENOMIC	RANDOM	PAIRED	ILLUMINA	NextSeq 500	Homo sapiens	9606
PRJEB80740	ERR15108451	2082614	WGS	METAGENOMIC	RANDOM	PAIRED	ILLUMINA	NextSeq 500	Homo sapiens	9606
PRJEB80740	ERR15108454	1894040	WGS	METAGENOMIC	RANDOM	PAIRED	ILLUMINA	NextSeq 500	Homo sapiens	9606
PRJEB80740	ERR15108459	1782968	WGS	METAGENOMIC	RANDOM	PAIRED	ILLUMINA	NextSeq 500	Homo sapiens	9606
PRJEB80740	ERR15108462	2231020	WGS	METAGENOMIC	RANDOM	PAIRED	ILLUMINA	NextSeq 500	Homo sapiens	9606
PRJEB80740	ERR15108464	2138052	WGS	METAGENOMIC	RANDOM	PAIRED	ILLUMINA	NextSeq 500	Homo sapiens	9606
PRJEB80740	ERR15108465	2068572	WGS	METAGENOMIC	RANDOM	PAIRED	ILLUMINA	NextSeq 500	Homo sapiens	9606
PRJEB80740	ERR15108469	1791650	WGS	METAGENOMIC	RANDOM	PAIRED	ILLUMINA	NextSeq 500	Homo sapiens	9606
PRJEB80740	ERR15108474	1991116	WGS	METAGENOMIC	RANDOM	PAIRED	ILLUMINA	NextSeq 500	Homo sapiens	9606
PRJEB80740	ERR15108477	1840236	WGS	METAGENOMIC	RANDOM	PAIRED	ILLUMINA	NextSeq 500	Homo sapiens	9606
PRJEB80740	ERR15108478	2081810	WGS	METAGENOMIC	RANDOM	PAIRED	ILLUMINA	NextSeq 500	Homo sapiens	9606
PRJEB80740	ERR15108479	1968006	WGS	METAGENOMIC	RANDOM	PAIRED	ILLUMINA	NextSeq 500	Homo sapiens	9606
PRJEB80740	ERR15108480	1989954	WGS	METAGENOMIC	RANDOM	PAIRED	ILLUMINA	NextSeq 500	Homo sapiens	9606
PRJEB80740	ERR15108483	1969330	WGS	METAGENOMIC	RANDOM	PAIRED	ILLUMINA	NextSeq 500	Homo sapiens	9606
PRJEB80740	ERR15108484	2017648	WGS	METAGENOMIC	RANDOM	PAIRED	ILLUMINA	NextSeq 500	Homo sapiens	9606
PRJEB80740	ERR15108485	1939254	WGS	METAGENOMIC	RANDOM	PAIRED	ILLUMINA	NextSeq 500	Homo sapiens	9606
PRJEB80740	ERR15108492	5189170	WGS	METAGENOMIC	RANDOM	PAIRED	ILLUMINA	NextSeq 500	Homo sapiens	9606
PRJEB80740	ERR15108508	5779252	WGS	METAGENOMIC	RANDOM	PAIRED	ILLUMINA	NextSeq 500	Homo sapiens	9606
PRJEB80740	ERR15108510	9412900	WGS	METAGENOMIC	RANDOM	PAIRED	ILLUMINA	NextSeq 500	Homo sapiens	9606
PRJEB80740	ERR15108511	9101454	WGS	METAGENOMIC	RANDOM	PAIRED	ILLUMINA	NextSeq 500	Homo sapiens	9606
PRJEB80740	ERR15108513	8986766	WGS	METAGENOMIC	RANDOM	PAIRED	ILLUMINA	NextSeq 500	Homo sapiens	9606
PRJEB80740	ERR15108516	5525082	WGS	METAGENOMIC	RANDOM	PAIRED	ILLUMINA	NextSeq 500	Homo sapiens	9606
PRJEB80740	ERR15108517	5451168	WGS	METAGENOMIC	RANDOM	PAIRED	ILLUMINA	NextSeq 500	Homo sapiens	9606
PRJEB80740	ERR15108518	7302750	WGS	METAGENOMIC	RANDOM	PAIRED	ILLUMINA	NextSeq 500	Homo sapiens	9606
PRJEB80740	ERR15108572	9084650	WGS	METAGENOMIC	RANDOM	PAIRED	ILLUMINA	NextSeq 500	Homo sapiens	9606
PRJEB88970	ERR14951232	6051273	WGS	METAGENOMIC	RANDOM	SINGLE	ILLUMINA	Illumina HiSeq 4000	Homo sapiens	9606
PRJEB88970	ERR14951240	4877952	WGS	METAGENOMIC	RANDOM	SINGLE	ILLUMINA	Illumina HiSeq 4000	Homo sapiens	9606
PRJEB88970	ERR14951245	6101905	WGS	METAGENOMIC	RANDOM	SINGLE	ILLUMINA	Illumina HiSeq 4000	Homo sapiens	9606
PRJEB88970	ERR14951256	5385348	WGS	METAGENOMIC	RANDOM	SINGLE	ILLUMINA	Illumina HiSeq 4000	Homo sapiens	9606
PRJEB88970	ERR14951258	7153186	WGS	METAGENOMIC	RANDOM	SINGLE	ILLUMINA	Illumina HiSeq 4000	Homo sapiens	9606
PRJEB88970	ERR14951263	5250929	WGS	METAGENOMIC	RANDOM	SINGLE	ILLUMINA	Illumina HiSeq 4000	Homo sapiens	9606
PRJEB88970	ERR14951265	6883629	WGS	METAGENOMIC	RANDOM	SINGLE	ILLUMINA	Illumina HiSeq 4000	Homo sapiens	9606
PRJEB88970	ERR14951270	6413321	WGS	METAGENOMIC	RANDOM	SINGLE	ILLUMINA	Illumina HiSeq 4000	Homo sapiens	9606
PRJEB88970	ERR14951272	6762838	WGS	METAGENOMIC	RANDOM	SINGLE	ILLUMINA	Illumina HiSeq 4000	Homo sapiens	9606
PRJEB88970	ERR14951274	7291979	WGS	METAGENOMIC	RANDOM	SINGLE	ILLUMINA	Illumina HiSeq 4000	Homo sapiens	9606
PRJEB31893	ERR3262713	3059969	WGS	METAGENOMIC	RANDOM	SINGLE	ILLUMINA	NextSeq 500	Homo sapiens	9606
PRJEB31893	ERR3262715	100873	WGS	METAGENOMIC	RANDOM	SINGLE	ILLUMINA	NextSeq 500	Homo sapiens	9606
PRJEB31893	ERR3262718	9512207	WGS	METAGENOMIC	RANDOM	SINGLE	ILLUMINA	NextSeq 500	Homo sapiens	9606
PRJEB31893	ERR3262719	30007849	WGS	METAGENOMIC	RANDOM	SINGLE	ILLUMINA	NextSeq 500	Homo sapiens	9606
PRJEB31893	ERR3262723	4152806	WGS	METAGENOMIC	RANDOM	SINGLE	ILLUMINA	NextSeq 500	Homo sapiens	9606
PRJEB31893	ERR3262727	14829398	WGS	METAGENOMIC	RANDOM	SINGLE	ILLUMINA	NextSeq 500	Homo sapiens	9606
PRJEB31893	ERR3262730	11981465	WGS	METAGENOMIC	RANDOM	SINGLE	ILLUMINA	NextSeq 500	Homo sapiens	9606
PRJEB31893	ERR3262738	574290	WGS	METAGENOMIC	RANDOM	SINGLE	ILLUMINA	NextSeq 500	Homo sapiens	9606
PRJEB31893	ERR3262744	22133159	WGS	METAGENOMIC	RANDOM	SINGLE	ILLUMINA	NextSeq 500	Homo sapiens	9606
PRJEB31893	ERR3262745	699372	WGS	METAGENOMIC	RANDOM	SINGLE	ILLUMINA	NextSeq 500	Homo sapiens	9606
PRJEB31893	ERR3262747	3109805	WGS	METAGENOMIC	RANDOM	SINGLE	ILLUMINA	NextSeq 500	Homo sapiens	9606
PRJEB31893	ERR3262750	1872165	WGS	METAGENOMIC	RANDOM	SINGLE	ILLUMINA	NextSeq 500	Homo sapiens	9606
PRJEB31893	ERR3262751	128415	WGS	METAGENOMIC	RANDOM	SINGLE	ILLUMINA	NextSeq 500	Homo sapiens	9606
PRJEB31893	ERR3262753	1514093	WGS	METAGENOMIC	RANDOM	SINGLE	ILLUMINA	NextSeq 500	Homo sapiens	9606
PRJEB31893	ERR3262754	272637	WGS	METAGENOMIC	RANDOM	SINGLE	ILLUMINA	NextSeq 500	Homo sapiens	9606
PRJEB31893	ERR3262755	324359	WGS	METAGENOMIC	RANDOM	SINGLE	ILLUMINA	NextSeq 500	Homo sapiens	9606
PRJEB31893	ERR3262757	1051385	WGS	METAGENOMIC	RANDOM	SINGLE	ILLUMINA	NextSeq 500	Homo sapiens	9606
PRJEB31893	ERR3262758	13112265	WGS	METAGENOMIC	RANDOM	SINGLE	ILLUMINA	NextSeq 500	Homo sapiens	9606
PRJEB31893	ERR3262759	13366146	WGS	METAGENOMIC	RANDOM	SINGLE	ILLUMINA	NextSeq 500	Homo sapiens	9606
PRJEB31893	ERR3262765	19924095	WGS	METAGENOMIC	RANDOM	SINGLE	ILLUMINA	NextSeq 500	Homo sapiens	9606
PRJEB31893	ERR3262768	4560083	WGS	METAGENOMIC	RANDOM	SINGLE	ILLUMINA	NextSeq 500	Homo sapiens	9606
PRJEB32764	ERR3354482	21977800	WGS	METAGENOMIC	RANDOM	SINGLE	ILLUMINA	NextSeq 500	Homo sapiens	9606
PRJEB32764	ERR3354483	8823147	WGS	METAGENOMIC	RANDOM	SINGLE	ILLUMINA	NextSeq 500	Homo sapiens	9606
PRJEB32764	ERR3354484	6313301	WGS	METAGENOMIC	RANDOM	SINGLE	ILLUMINA	NextSeq 500	Homo sapiens	9606
PRJEB32764	ERR3354486	15197053	WGS	METAGENOMIC	RANDOM	SINGLE	ILLUMINA	NextSeq 500	Homo sapiens	9606
PRJEB32764	ERR3354488	5537267	WGS	METAGENOMIC	RANDOM	SINGLE	ILLUMINA	NextSeq 500	Homo sapiens	9606
PRJEB32764	ERR3354489	7958047	WGS	METAGENOMIC	RANDOM	SINGLE	ILLUMINA	NextSeq 500	Homo sapiens	9606
PRJEB32764	ERR3354490	13912802	WGS	METAGENOMIC	RANDOM	SINGLE	ILLUMINA	NextSeq 500	Homo sapiens	9606
PRJEB32764	ERR3354491	9664740	WGS	METAGENOMIC	RANDOM	SINGLE	ILLUMINA	NextSeq 500	Homo sapiens	9606
PRJEB32764	ERR3354492	9947596	WGS	METAGENOMIC	RANDOM	SINGLE	ILLUMINA	NextSeq 500	Homo sapiens	9606
PRJEB32764	ERR3354493	13570439	WGS	METAGENOMIC	RANDOM	SINGLE	ILLUMINA	NextSeq 500	Homo sapiens	9606
PRJEB32764	ERR3354494	3615245	WGS	METAGENOMIC	RANDOM	SINGLE	ILLUMINA	NextSeq 500	Homo sapiens	9606
PRJEB32764	ERR3354496	6588997	WGS	METAGENOMIC	RANDOM	SINGLE	ILLUMINA	NextSeq 500	Homo sapiens	9606
PRJEB32764	ERR3354497	959129	WGS	METAGENOMIC	RANDOM	SINGLE	ILLUMINA	NextSeq 500	Homo sapiens	9606
PRJEB32764	ERR3354503	26227603	WGS	METAGENOMIC	RANDOM	SINGLE	ILLUMINA	NextSeq 500	Homo sapiens	9606
PRJEB32764	ERR3354505	30722657	WGS	METAGENOMIC	RANDOM	SINGLE	ILLUMINA	NextSeq 500	Homo sapiens	9606
PRJEB32764	ERR3354508	4345217	WGS	METAGENOMIC	RANDOM	SINGLE	ILLUMINA	NextSeq 500	Homo sapiens	9606
PRJEB40698	ERR5032505	12357348	WGS	METAGENOMIC	RANDOM	SINGLE	ILLUMINA	NextSeq 500	Homo sapiens	9606
PRJEB40698	ERR5032509	73526006	WGS	METAGENOMIC	RANDOM	SINGLE	ILLUMINA	NextSeq 500	Homo sapiens	9606
PRJEB40698	ERR5032510	7518746	WGS	METAGENOMIC	RANDOM	SINGLE	ILLUMINA	NextSeq 500	Homo sapiens	9606
PRJEB40698	ERR5032519	569158	WGS	METAGENOMIC	RANDOM	SINGLE	ILLUMINA	NextSeq 500	Homo sapiens	9606
PRJEB40698	ERR5032525	11132329	WGS	METAGENOMIC	RANDOM	SINGLE	ILLUMINA	NextSeq 500	Homo sapiens	9606
PRJEB40698	ERR5032526	9088525	WGS	METAGENOMIC	RANDOM	SINGLE	ILLUMINA	NextSeq 500	Homo sapiens	9606
PRJEB40698	ERR5032527	323056	WGS	METAGENOMIC	RANDOM	SINGLE	ILLUMINA	NextSeq 500	Homo sapiens	9606
PRJEB40698	ERR5032529	79023895	WGS	METAGENOMIC	RANDOM	SINGLE	ILLUMINA	NextSeq 500	Homo sapiens	9606
PRJEB40698	ERR5032535	1195505	WGS	METAGENOMIC	RANDOM	SINGLE	ILLUMINA	NextSeq 500	Homo sapiens	9606
PRJEB40698	ERR5032536	100097	WGS	METAGENOMIC	RANDOM	SINGLE	ILLUMINA	NextSeq 500	Homo sapiens	9606
PRJEB40698	ERR5032537	343078	WGS	METAGENOMIC	RANDOM	SINGLE	ILLUMINA	NextSeq 500	Homo sapiens	9606
PRJEB40698	ERR5032538	515817	WGS	METAGENOMIC	RANDOM	SINGLE	ILLUMINA	NextSeq 500	Homo sapiens	9606
PRJEB40698	ERR5032539	7826327	WGS	METAGENOMIC	RANDOM	SINGLE	ILLUMINA	NextSeq 500	Homo sapiens	9606
PRJEB40698	ERR5032542	591570	WGS	METAGENOMIC	RANDOM	SINGLE	ILLUMINA	NextSeq 500	Homo sapiens	9606
PRJEB40698	ERR5032543	428145	WGS	METAGENOMIC	RANDOM	SINGLE	ILLUMINA	NextSeq 500	Homo sapiens	9606
PRJEB40698	ERR5032545	250420	WGS	METAGENOMIC	RANDOM	SINGLE	ILLUMINA	NextSeq 500	Homo sapiens	9606
PRJEB40698	ERR5032547	7308743	WGS	METAGENOMIC	RANDOM	SINGLE	ILLUMINA	NextSeq 500	Homo sapiens	9606
PRJEB40698	ERR5032549	7417758	WGS	METAGENOMIC	RANDOM	SINGLE	ILLUMINA	NextSeq 500	Homo sapiens	9606
PRJEB37660	ERR5897773	13272831	WGS	METAGENOMIC	RANDOM	SINGLE	ILLUMINA	NextSeq 500	Homo sapiens	9606
PRJEB37660	ERR5897775	23756814	WGS	METAGENOMIC	RANDOM	SINGLE	ILLUMINA	NextSeq 500	Homo sapiens	9606
PRJEB37660	ERR5897778	3376183	WGS	METAGENOMIC	RANDOM	SINGLE	ILLUMINA	NextSeq 500	Homo sapiens	9606
PRJEB37660	ERR5897781	8598146	WGS	METAGENOMIC	RANDOM	SINGLE	ILLUMINA	NextSeq 500	Homo sapiens	9606
PRJEB37660	ERR5897782	872343	WGS	METAGENOMIC	RANDOM	SINGLE	ILLUMINA	NextSeq 500	Homo sapiens	9606
PRJEB37660	ERR5897785	7850525	WGS	METAGENOMIC	RANDOM	SINGLE	ILLUMINA	NextSeq 500	Homo sapiens	9606
PRJEB37660	ERR5897787	8511832	WGS	METAGENOMIC	RANDOM	SINGLE	ILLUMINA	NextSeq 500	Homo sapiens	9606
PRJEB37660	ERR5897788	331994	WGS	METAGENOMIC	RANDOM	SINGLE	ILLUMINA	NextSeq 500	Homo sapiens	9606
PRJEB37660	ERR5897791	498438	WGS	METAGENOMIC	RANDOM	SINGLE	ILLUMINA	NextSeq 500	Homo sapiens	9606
PRJEB37660	ERR5897792	8332667	WGS	METAGENOMIC	RANDOM	SINGLE	ILLUMINA	NextSeq 500	Homo sapiens	9606
PRJEB37660	ERR5897794	73909627	WGS	METAGENOMIC	RANDOM	SINGLE	ILLUMINA	NextSeq 500	Homo sapiens	9606
PRJEB37660	ERR5897796	10608348	WGS	METAGENOMIC	RANDOM	SINGLE	ILLUMINA	NextSeq 500	Homo sapiens	9606
PRJEB37660	ERR5897802	3760492	WGS	METAGENOMIC	RANDOM	SINGLE	ILLUMINA	NextSeq 500	Homo sapiens	9606
PRJEB46155	ERR6212592	7042722	WGS	METAGENOMIC	RANDOM	SINGLE	ILLUMINA	NextSeq 500	Homo sapiens	9606
PRJEB47831	ERR7052389	6453969	WGS	METAGENOMIC	RANDOM	SINGLE	ILLUMINA	NextSeq 500	Homo sapiens	9606
PRJEB47831	ERR7052391	3180976	WGS	METAGENOMIC	RANDOM	SINGLE	ILLUMINA	NextSeq 500	Homo sapiens	9606
PRJEB47831	ERR7052394	2072529	WGS	METAGENOMIC	RANDOM	SINGLE	ILLUMINA	NextSeq 500	Homo sapiens	9606
PRJEB76829	ERR16039590	17592185	WGS	METAGENOMIC	RANDOM	SINGLE	ILLUMINA	NextSeq 500	Homo sapiens	9606
PRJEB76829	ERR16039595	140320529	WGS	METAGENOMIC	RANDOM	SINGLE	ILLUMINA	Illumina NovaSeq 6000	Homo sapiens	9606
PRJEB76829	ERR16039597	17171196	WGS	METAGENOMIC	RANDOM	SINGLE	ILLUMINA	Illumina NovaSeq 6000	Homo sapiens	9606
PRJEB60072	ERR10908723	18843541	WGS	METAGENOMIC	RANDOM	SINGLE	ILLUMINA	NextSeq 550	Homo sapiens	9606
PRJEB84914	ERR14205991	22056294	WGS	METAGENOMIC	RANDOM	PAIRED	ILLUMINA	Illumina NovaSeq 6000	Homo sapiens	9606
PRJEB84914	ERR14205992	34828072	WGS	METAGENOMIC	RANDOM	PAIRED	ILLUMINA	Illumina NovaSeq 6000	Homo sapiens	9606
PRJEB84914	ERR14205994	14244356	WGS	METAGENOMIC	RANDOM	PAIRED	ILLUMINA	Illumina NovaSeq 6000	Homo sapiens	9606
PRJEB84914	ERR14205996	12485938	WGS	METAGENOMIC	RANDOM	PAIRED	ILLUMINA	Illumina NovaSeq 6000	Homo sapiens	9606
PRJEB84914	ERR14205998	7032826	WGS	METAGENOMIC	RANDOM	PAIRED	ILLUMINA	Illumina NovaSeq 6000	Homo sapiens	9606
PRJEB84914	ERR14205999	21460342	WGS	METAGENOMIC	RANDOM	PAIRED	ILLUMINA	Illumina NovaSeq 6000	Homo sapiens	9606
PRJEB84914	ERR14206001	5741550	WGS	METAGENOMIC	RANDOM	PAIRED	ILLUMINA	Illumina NovaSeq 6000	Homo sapiens	9606
PRJEB84914	ERR14206005	41514818	WGS	METAGENOMIC	RANDOM	PAIRED	ILLUMINA	Illumina NovaSeq 6000	Homo sapiens	9606
PRJEB84914	ERR14206006	8844656	WGS	METAGENOMIC	RANDOM	PAIRED	ILLUMINA	Illumina NovaSeq 6000	Homo sapiens	9606
PRJEB84914	ERR14206008	6337712	WGS	METAGENOMIC	RANDOM	PAIRED	ILLUMINA	Illumina NovaSeq 6000	Homo sapiens	9606
PRJEB84914	ERR14206014	44925616	WGS	METAGENOMIC	RANDOM	PAIRED	ILLUMINA	Illumina NovaSeq 6000	Homo sapiens	9606
PRJEB84914	ERR14206018	2715222	WGS	METAGENOMIC	RANDOM	PAIRED	ILLUMINA	Illumina NovaSeq 6000	Homo sapiens	9606
PRJEB79566	ERR13615625	20147814	WGS	METAGENOMIC	RANDOM	SINGLE	ILLUMINA	Illumina MiSeq	Homo sapiens	9606
PRJEB79566	ERR13615627	25753291	WGS	METAGENOMIC	RANDOM	SINGLE	ILLUMINA	Illumina MiSeq	Homo sapiens	9606
PRJEB79566	ERR13615629	1274901	WGS	METAGENOMIC	RANDOM	SINGLE	ILLUMINA	Illumina MiSeq	Homo sapiens	9606
PRJEB79566	ERR13615630	897686	WGS	METAGENOMIC	RANDOM	SINGLE	ILLUMINA	Illumina MiSeq	Homo sapiens	9606
PRJEB79566	ERR13615632	1381804	WGS	METAGENOMIC	RANDOM	SINGLE	ILLUMINA	Illumina MiSeq	Homo sapiens	9606
PRJEB53198	ERR9810099	576384	WGS	METAGENOMIC	RANDOM	SINGLE	ILLUMINA	Illumina HiSeq 4000	Homo sapiens	9606
PRJEB53198	ERR9810100	99830433	WGS	METAGENOMIC	RANDOM	SINGLE	ILLUMINA	Illumina HiSeq 4000	Homo sapiens	9606
PRJEB76829	ERR16039598	2410115	WGS	METAGENOMIC	RANDOM	SINGLE	ILLUMINA	NextSeq 500	Homo sapiens	9606
PRJEB80740	ERR15108338	1689612	WGS	METAGENOMIC	RANDOM	PAIRED	ILLUMINA	NextSeq 500	Homo sapiens	9606
PRJEB80740	ERR15108339	1616446	WGS	METAGENOMIC	RANDOM	PAIRED	ILLUMINA	NextSeq 500	Homo sapiens	9606
PRJEB80740	ERR15108343	1788214	WGS	METAGENOMIC	RANDOM	PAIRED	ILLUMINA	NextSeq 500	Homo sapiens	9606
PRJEB80740	ERR15108348	1441104	WGS	METAGENOMIC	RANDOM	PAIRED	ILLUMINA	NextSeq 500	Homo sapiens	9606
PRJEB80740	ERR15108349	1382146	WGS	METAGENOMIC	RANDOM	PAIRED	ILLUMINA	NextSeq 500	Homo sapiens	9606
PRJEB80740	ERR15108350	1732508	WGS	METAGENOMIC	RANDOM	PAIRED	ILLUMINA	NextSeq 500	Homo sapiens	9606
PRJEB80740	ERR15108351	1640298	WGS	METAGENOMIC	RANDOM	PAIRED	ILLUMINA	NextSeq 500	Homo sapiens	9606
PRJEB80740	ERR15108356	1815760	WGS	METAGENOMIC	RANDOM	PAIRED	ILLUMINA	NextSeq 500	Homo sapiens	9606
PRJEB80740	ERR15108358	1640056	WGS	METAGENOMIC	RANDOM	PAIRED	ILLUMINA	NextSeq 500	Homo sapiens	9606
PRJEB80740	ERR15108360	1571770	WGS	METAGENOMIC	RANDOM	PAIRED	ILLUMINA	NextSeq 500	Homo sapiens	9606
PRJEB80740	ERR15108377	1778680	WGS	METAGENOMIC	RANDOM	PAIRED	ILLUMINA	NextSeq 500	Homo sapiens	9606
PRJEB80740	ERR15108378	2044562	WGS	METAGENOMIC	RANDOM	PAIRED	ILLUMINA	NextSeq 500	Homo sapiens	9606
PRJEB80740	ERR15108382	1647830	WGS	METAGENOMIC	RANDOM	PAIRED	ILLUMINA	NextSeq 500	Homo sapiens	9606
PRJEB80740	ERR15108389	1718650	WGS	METAGENOMIC	RANDOM	PAIRED	ILLUMINA	NextSeq 500	Homo sapiens	9606
PRJEB80740	ERR15108390	1950950	WGS	METAGENOMIC	RANDOM	PAIRED	ILLUMINA	NextSeq 500	Homo sapiens	9606
PRJEB80740	ERR15108393	1821588	WGS	METAGENOMIC	RANDOM	PAIRED	ILLUMINA	NextSeq 500	Homo sapiens	9606
PRJEB80740	ERR15108394	1734600	WGS	METAGENOMIC	RANDOM	PAIRED	ILLUMINA	NextSeq 500	Homo sapiens	9606
PRJEB80740	ERR15108396	1663882	WGS	METAGENOMIC	RANDOM	PAIRED	ILLUMINA	NextSeq 500	Homo sapiens	9606
PRJEB80740	ERR15108397	1612776	WGS	METAGENOMIC	RANDOM	PAIRED	ILLUMINA	NextSeq 500	Homo sapiens	9606
PRJEB80740	ERR15108400	2124660	WGS	METAGENOMIC	RANDOM	PAIRED	ILLUMINA	NextSeq 500	Homo sapiens	9606
PRJEB80740	ERR15108405	1758518	WGS	METAGENOMIC	RANDOM	PAIRED	ILLUMINA	NextSeq 500	Homo sapiens	9606
PRJEB80740	ERR15108407	2030430	WGS	METAGENOMIC	RANDOM	PAIRED	ILLUMINA	NextSeq 500	Homo sapiens	9606
PRJEB80740	ERR15108408	2037140	WGS	METAGENOMIC	RANDOM	PAIRED	ILLUMINA	NextSeq 500	Homo sapiens	9606
PRJEB80740	ERR15108409	1984346	WGS	METAGENOMIC	RANDOM	PAIRED	ILLUMINA	NextSeq 500	Homo sapiens	9606
PRJEB80740	ERR15108413	1678028	WGS	METAGENOMIC	RANDOM	PAIRED	ILLUMINA	NextSeq 500	Homo sapiens	9606
PRJEB80740	ERR15108415	1965558	WGS	METAGENOMIC	RANDOM	PAIRED	ILLUMINA	NextSeq 500	Homo sapiens	9606
PRJEB80740	ERR15108419	1624532	WGS	METAGENOMIC	RANDOM	PAIRED	ILLUMINA	NextSeq 500	Homo sapiens	9606
PRJEB80740	ERR15108427	1959514	WGS	METAGENOMIC	RANDOM	PAIRED	ILLUMINA	NextSeq 500	Homo sapiens	9606
PRJEB80740	ERR15108429	1919730	WGS	METAGENOMIC	RANDOM	PAIRED	ILLUMINA	NextSeq 500	Homo sapiens	9606
PRJEB80740	ERR15108442	2187678	WGS	METAGENOMIC	RANDOM	PAIRED	ILLUMINA	NextSeq 500	Homo sapiens	9606
PRJEB80740	ERR15108446	1948960	WGS	METAGENOMIC	RANDOM	PAIRED	ILLUMINA	NextSeq 500	Homo sapiens	9606
PRJEB80740	ERR15108449	1806244	WGS	METAGENOMIC	RANDOM	PAIRED	ILLUMINA	NextSeq 500	Homo sapiens	9606
PRJEB80740	ERR15108452	2104626	WGS	METAGENOMIC	RANDOM	PAIRED	ILLUMINA	NextSeq 500	Homo sapiens	9606
PRJEB80740	ERR15108453	2040214	WGS	METAGENOMIC	RANDOM	PAIRED	ILLUMINA	NextSeq 500	Homo sapiens	9606
PRJEB80740	ERR15108455	1793530	WGS	METAGENOMIC	RANDOM	PAIRED	ILLUMINA	NextSeq 500	Homo sapiens	9606
PRJEB80740	ERR15108456	1802538	WGS	METAGENOMIC	RANDOM	PAIRED	ILLUMINA	NextSeq 500	Homo sapiens	9606
PRJEB80740	ERR15108461	1747980	WGS	METAGENOMIC	RANDOM	PAIRED	ILLUMINA	NextSeq 500	Homo sapiens	9606
PRJEB80740	ERR15108468	1852096	WGS	METAGENOMIC	RANDOM	PAIRED	ILLUMINA	NextSeq 500	Homo sapiens	9606
PRJEB80740	ERR15108470	1914546	WGS	METAGENOMIC	RANDOM	PAIRED	ILLUMINA	NextSeq 500	Homo sapiens	9606
PRJEB80740	ERR15108471	1823130	WGS	METAGENOMIC	RANDOM	PAIRED	ILLUMINA	NextSeq 500	Homo sapiens	9606
PRJEB80740	ERR15108472	1836364	WGS	METAGENOMIC	RANDOM	PAIRED	ILLUMINA	NextSeq 500	Homo sapiens	9606
PRJEB80740	ERR15108473	1781570	WGS	METAGENOMIC	RANDOM	PAIRED	ILLUMINA	NextSeq 500	Homo sapiens	9606
PRJEB80740	ERR15108475	1876178	WGS	METAGENOMIC	RANDOM	PAIRED	ILLUMINA	NextSeq 500	Homo sapiens	9606
PRJEB80740	ERR15108493	5172506	WGS	METAGENOMIC	RANDOM	PAIRED	ILLUMINA	NextSeq 500	Homo sapiens	9606
PRJEB80740	ERR15108501	5579568	WGS	METAGENOMIC	RANDOM	PAIRED	ILLUMINA	NextSeq 500	Homo sapiens	9606
PRJEB80740	ERR15108507	5789858	WGS	METAGENOMIC	RANDOM	PAIRED	ILLUMINA	NextSeq 500	Homo sapiens	9606
PRJEB80740	ERR15108512	9153688	WGS	METAGENOMIC	RANDOM	PAIRED	ILLUMINA	NextSeq 500	Homo sapiens	9606
PRJEB80740	ERR15108521	6960010	WGS	METAGENOMIC	RANDOM	PAIRED	ILLUMINA	NextSeq 500	Homo sapiens	9606
PRJEB80740	ERR15108535	13882324	WGS	METAGENOMIC	RANDOM	PAIRED	ILLUMINA	NextSeq 500	Homo sapiens	9606
PRJEB80740	ERR15108536	13940528	WGS	METAGENOMIC	RANDOM	PAIRED	ILLUMINA	NextSeq 500	Homo sapiens	9606
PRJEB80740	ERR15108537	13680530	WGS	METAGENOMIC	RANDOM	PAIRED	ILLUMINA	NextSeq 500	Homo sapiens	9606
PRJEB80740	ERR15108538	7631680	WGS	METAGENOMIC	RANDOM	PAIRED	ILLUMINA	NextSeq 500	Homo sapiens	9606
PRJEB80740	ERR15108540	7673854	WGS	METAGENOMIC	RANDOM	PAIRED	ILLUMINA	NextSeq 500	Homo sapiens	9606
PRJEB80740	ERR15108541	7349922	WGS	METAGENOMIC	RANDOM	PAIRED	ILLUMINA	NextSeq 500	Homo sapiens	9606
PRJEB80740	ERR15108558	7484998	WGS	METAGENOMIC	RANDOM	PAIRED	ILLUMINA	NextSeq 500	Homo sapiens	9606
PRJEB80740	ERR15108561	7130160	WGS	METAGENOMIC	RANDOM	PAIRED	ILLUMINA	NextSeq 500	Homo sapiens	9606
PRJEB80740	ERR15108571	9013646	WGS	METAGENOMIC	RANDOM	PAIRED	ILLUMINA	NextSeq 500	Homo sapiens	9606
PRJEB88970	ERR14951228	4268667	WGS	METAGENOMIC	RANDOM	SINGLE	ILLUMINA	Illumina HiSeq 4000	Homo sapiens	9606
PRJEB88970	ERR14951229	5498545	WGS	METAGENOMIC	RANDOM	SINGLE	ILLUMINA	Illumina HiSeq 4000	Homo sapiens	9606
PRJEB88970	ERR14951234	5489603	WGS	METAGENOMIC	RANDOM	SINGLE	ILLUMINA	Illumina HiSeq 4000	Homo sapiens	9606
PRJEB88970	ERR14951250	5958251	WGS	METAGENOMIC	RANDOM	SINGLE	ILLUMINA	Illumina HiSeq 4000	Homo sapiens	9606
PRJEB88970	ERR14951252	5226795	WGS	METAGENOMIC	RANDOM	SINGLE	ILLUMINA	Illumina HiSeq 4000	Homo sapiens	9606
PRJEB88970	ERR14951261	7016102	WGS	METAGENOMIC	RANDOM	SINGLE	ILLUMINA	Illumina HiSeq 4000	Homo sapiens	9606
PRJEB88970	ERR14951267	6498661	WGS	METAGENOMIC	RANDOM	SINGLE	ILLUMINA	Illumina HiSeq 4000	Homo sapiens	9606
PRJEB88970	ERR14951269	6576493	WGS	METAGENOMIC	RANDOM	SINGLE	ILLUMINA	Illumina HiSeq 4000	Homo sapiens	9606
PRJEB31893	ERR3262716	660514	WGS	METAGENOMIC	RANDOM	SINGLE	ILLUMINA	NextSeq 500	Homo sapiens	9606
PRJEB31893	ERR3262728	22377301	WGS	METAGENOMIC	RANDOM	SINGLE	ILLUMINA	NextSeq 500	Homo sapiens	9606
PRJEB31893	ERR3262732	506838	WGS	METAGENOMIC	RANDOM	SINGLE	ILLUMINA	NextSeq 500	Homo sapiens	9606
PRJEB31893	ERR3262735	13625930	WGS	METAGENOMIC	RANDOM	SINGLE	ILLUMINA	NextSeq 500	Homo sapiens	9606
PRJEB31893	ERR3262737	132429	WGS	METAGENOMIC	RANDOM	SINGLE	ILLUMINA	NextSeq 500	Homo sapiens	9606
PRJEB31893	ERR3262739	20037195	WGS	METAGENOMIC	RANDOM	SINGLE	ILLUMINA	NextSeq 500	Homo sapiens	9606
PRJEB31893	ERR3262741	157440	WGS	METAGENOMIC	RANDOM	SINGLE	ILLUMINA	NextSeq 500	Homo sapiens	9606
PRJEB31893	ERR3262746	4238037	WGS	METAGENOMIC	RANDOM	SINGLE	ILLUMINA	NextSeq 500	Homo sapiens	9606
PRJEB31893	ERR3262748	20946122	WGS	METAGENOMIC	RANDOM	SINGLE	ILLUMINA	NextSeq 500	Homo sapiens	9606
PRJEB31893	ERR3262752	16065929	WGS	METAGENOMIC	RANDOM	SINGLE	ILLUMINA	NextSeq 500	Homo sapiens	9606
PRJEB31893	ERR3262756	16395595	WGS	METAGENOMIC	RANDOM	SINGLE	ILLUMINA	NextSeq 500	Homo sapiens	9606
PRJEB31893	ERR3262761	848853	WGS	METAGENOMIC	RANDOM	SINGLE	ILLUMINA	NextSeq 500	Homo sapiens	9606
PRJEB31893	ERR3262762	17760001	WGS	METAGENOMIC	RANDOM	SINGLE	ILLUMINA	NextSeq 500	Homo sapiens	9606
PRJEB31893	ERR3262763	21003416	WGS	METAGENOMIC	RANDOM	SINGLE	ILLUMINA	NextSeq 500	Homo sapiens	9606
PRJEB31893	ERR3262767	532377	WGS	METAGENOMIC	RANDOM	SINGLE	ILLUMINA	NextSeq 500	Homo sapiens	9606
PRJEB32764	ERR3354487	12241415	WGS	METAGENOMIC	RANDOM	SINGLE	ILLUMINA	NextSeq 500	Homo sapiens	9606
PRJEB32764	ERR3354498	6054252	WGS	METAGENOMIC	RANDOM	SINGLE	ILLUMINA	NextSeq 500	Homo sapiens	9606
PRJEB32764	ERR3354501	1585631	WGS	METAGENOMIC	RANDOM	SINGLE	ILLUMINA	NextSeq 500	Homo sapiens	9606
PRJEB32764	ERR3354502	23358526	WGS	METAGENOMIC	RANDOM	SINGLE	ILLUMINA	NextSeq 500	Homo sapiens	9606
PRJEB32764	ERR3354511	1576664	WGS	METAGENOMIC	RANDOM	SINGLE	ILLUMINA	NextSeq 500	Homo sapiens	9606
PRJEB40698	ERR5032508	6937496	WGS	METAGENOMIC	RANDOM	SINGLE	ILLUMINA	NextSeq 500	Homo sapiens	9606
PRJEB40698	ERR5032511	82536904	WGS	METAGENOMIC	RANDOM	SINGLE	ILLUMINA	NextSeq 500	Homo sapiens	9606
PRJEB40698	ERR5032513	78348821	WGS	METAGENOMIC	RANDOM	SINGLE	ILLUMINA	NextSeq 500	Homo sapiens	9606
PRJEB40698	ERR5032515	74291359	WGS	METAGENOMIC	RANDOM	SINGLE	ILLUMINA	NextSeq 500	Homo sapiens	9606
PRJEB40698	ERR5032517	10379743	WGS	METAGENOMIC	RANDOM	SINGLE	ILLUMINA	NextSeq 500	Homo sapiens	9606
PRJEB40698	ERR5032522	317952	WGS	METAGENOMIC	RANDOM	SINGLE	ILLUMINA	NextSeq 500	Homo sapiens	9606
PRJEB40698	ERR5032523	7922901	WGS	METAGENOMIC	RANDOM	SINGLE	ILLUMINA	NextSeq 500	Homo sapiens	9606
PRJEB40698	ERR5032524	8282916	WGS	METAGENOMIC	RANDOM	SINGLE	ILLUMINA	NextSeq 500	Homo sapiens	9606
PRJEB40698	ERR5032528	7641616	WGS	METAGENOMIC	RANDOM	SINGLE	ILLUMINA	NextSeq 500	Homo sapiens	9606
PRJEB40698	ERR5032540	7946104	WGS	METAGENOMIC	RANDOM	SINGLE	ILLUMINA	NextSeq 500	Homo sapiens	9606
PRJEB40698	ERR5032544	15914094	WGS	METAGENOMIC	RANDOM	SINGLE	ILLUMINA	NextSeq 500	Homo sapiens	9606
PRJEB40698	ERR5032546	423111	WGS	METAGENOMIC	RANDOM	SINGLE	ILLUMINA	NextSeq 500	Homo sapiens	9606
PRJEB40698	ERR5032550	7069802	WGS	METAGENOMIC	RANDOM	SINGLE	ILLUMINA	NextSeq 500	Homo sapiens	9606
PRJEB37660	ERR5897776	168623	WGS	METAGENOMIC	RANDOM	SINGLE	ILLUMINA	NextSeq 500	Homo sapiens	9606
PRJEB37660	ERR5897789	12616561	WGS	METAGENOMIC	RANDOM	SINGLE	ILLUMINA	NextSeq 500	Homo sapiens	9606
PRJEB37660	ERR5897798	193737	WGS	METAGENOMIC	RANDOM	SINGLE	ILLUMINA	NextSeq 500	Homo sapiens	9606
PRJEB47831	ERR7052384	3134322	WGS	METAGENOMIC	RANDOM	SINGLE	ILLUMINA	NextSeq 500	Homo sapiens	9606
PRJEB47831	ERR7052386	64567844	WGS	METAGENOMIC	RANDOM	SINGLE	ILLUMINA	NextSeq 500	Homo sapiens	9606
PRJEB47831	ERR7052387	56699500	WGS	METAGENOMIC	RANDOM	SINGLE	ILLUMINA	NextSeq 500	Homo sapiens	9606
PRJEB47831	ERR7052388	5284401	WGS	METAGENOMIC	RANDOM	SINGLE	ILLUMINA	NextSeq 500	Homo sapiens	9606
PRJEB47831	ERR7052390	3315432	WGS	METAGENOMIC	RANDOM	SINGLE	ILLUMINA	NextSeq 500	Homo sapiens	9606
PRJEB47831	ERR7052397	7051366	WGS	METAGENOMIC	RANDOM	SINGLE	ILLUMINA	NextSeq 500	Homo sapiens	9606
PRJEB47831	ERR7052398	3729803	WGS	METAGENOMIC	RANDOM	SINGLE	ILLUMINA	NextSeq 500	Homo sapiens	9606
PRJEB76829	ERR15204810	33750625	WGS	METAGENOMIC	RANDOM	SINGLE	ILLUMINA	NextSeq 500	Homo sapiens	9606
PRJEB76829	ERR16039592	3488228	WGS	METAGENOMIC	RANDOM	SINGLE	ILLUMINA	NextSeq 500	Homo sapiens	9606
PRJEB76829	ERR16039596	50374150	WGS	METAGENOMIC	RANDOM	SINGLE	ILLUMINA	Illumina NovaSeq 6000	Homo sapiens	9606
PRJEB60072	ERR10908678	11198960	WGS	METAGENOMIC	RANDOM	SINGLE	ILLUMINA	NextSeq 550	Homo sapiens	9606
PRJEB84914	ERR14205993	19072112	WGS	METAGENOMIC	RANDOM	PAIRED	ILLUMINA	Illumina NovaSeq 6000	Homo sapiens	9606
PRJEB84914	ERR14205995	7601454	WGS	METAGENOMIC	RANDOM	PAIRED	ILLUMINA	Illumina NovaSeq 6000	Homo sapiens	9606
PRJEB84914	ERR14205997	13210592	WGS	METAGENOMIC	RANDOM	PAIRED	ILLUMINA	Illumina NovaSeq 6000	Homo sapiens	9606
PRJEB84914	ERR14206003	12721934	WGS	METAGENOMIC	RANDOM	PAIRED	ILLUMINA	Illumina NovaSeq 6000	Homo sapiens	9606
PRJEB84914	ERR14206011	1706310	WGS	METAGENOMIC	RANDOM	PAIRED	ILLUMINA	Illumina NovaSeq 6000	Homo sapiens	9606
PRJEB84914	ERR14206012	4020214	WGS	METAGENOMIC	RANDOM	PAIRED	ILLUMINA	Illumina NovaSeq 6000	Homo sapiens	9606
PRJEB84914	ERR14206013	2627850	WGS	METAGENOMIC	RANDOM	PAIRED	ILLUMINA	Illumina NovaSeq 6000	Homo sapiens	9606
PRJEB84914	ERR14206015	47666798	WGS	METAGENOMIC	RANDOM	PAIRED	ILLUMINA	Illumina NovaSeq 6000	Homo sapiens	9606
PRJEB84914	ERR14206016	69772192	WGS	METAGENOMIC	RANDOM	PAIRED	ILLUMINA	Illumina NovaSeq 6000	Homo sapiens	9606
PRJEB84914	ERR14206017	6423990	WGS	METAGENOMIC	RANDOM	PAIRED	ILLUMINA	Illumina NovaSeq 6000	Homo sapiens	9606
PRJEB79566	ERR13615624	22972749	WGS	METAGENOMIC	RANDOM	SINGLE	ILLUMINA	Illumina MiSeq	Homo sapiens	9606
PRJEB79566	ERR13615628	1496534	WGS	METAGENOMIC	RANDOM	SINGLE	ILLUMINA	Illumina MiSeq	Homo sapiens	9606
PRJEB79566	ERR13615634	1528306	WGS	METAGENOMIC	RANDOM	SINGLE	ILLUMINA	Illumina MiSeq	Homo sapiens	9606
PRJEB55583	ERR10114859	175274424	WGS	METAGENOMIC	RANDOM	PAIRED	ILLUMINA	NextSeq 500	Homo sapiens	9606
PRJEB34569	ERR3579677	1240487	WGS	METAGENOMIC	RANDOM	SINGLE	ILLUMINA	NextSeq 500	Homo sapiens	9606
PRJEB34569	ERR3579678	1599129	WGS	METAGENOMIC	RANDOM	SINGLE	ILLUMINA	NextSeq 500	Homo sapiens	9606
PRJEB34569	ERR3579728	16398627	WGS	METAGENOMIC	RANDOM	PAIRED	ILLUMINA	NextSeq 500	Homo sapiens	9606
PRJEB34569	ERR3579729	53593426	WGS	METAGENOMIC	RANDOM	PAIRED	ILLUMINA	NextSeq 500	Homo sapiens	9606
PRJEB34569	ERR3579734	12187013	WGS	METAGENOMIC	RANDOM	PAIRED	ILLUMINA	NextSeq 500	Homo sapiens	9606
PRJEB34569	ERR3579735	15224970	WGS	METAGENOMIC	RANDOM	PAIRED	ILLUMINA	NextSeq 500	Homo sapiens	9606
PRJEB34569	ERR3579738	10641004	WGS	METAGENOMIC	RANDOM	PAIRED	ILLUMINA	NextSeq 500	Homo sapiens	9606
PRJEB34569	ERR3579740	12254858	WGS	METAGENOMIC	RANDOM	PAIRED	ILLUMINA	NextSeq 500	Homo sapiens	9606
PRJEB34569	ERR3579742	9812358	WGS	METAGENOMIC	RANDOM	PAIRED	ILLUMINA	NextSeq 500	Homo sapiens	9606
PRJEB34569	ERR3579773	11583417	WGS	METAGENOMIC	RANDOM	PAIRED	ILLUMINA	NextSeq 500	Homo sapiens	9606
PRJEB34569	ERR3579774	13488543	WGS	METAGENOMIC	RANDOM	PAIRED	ILLUMINA	NextSeq 500	Homo sapiens	9606
PRJEB34569	ERR3579775	11012329	WGS	METAGENOMIC	RANDOM	PAIRED	ILLUMINA	NextSeq 500	Homo sapiens	9606
PRJEB34569	ERR3579785	17400404	WGS	METAGENOMIC	RANDOM	PAIRED	ILLUMINA	NextSeq 500	Homo sapiens	9606
PRJEB34569	ERR3579800	12609185	WGS	METAGENOMIC	RANDOM	PAIRED	ILLUMINA	NextSeq 500	Homo sapiens	9606
PRJEB34569	ERR3579803	15402298	WGS	METAGENOMIC	RANDOM	PAIRED	ILLUMINA	NextSeq 500	Homo sapiens	9606
PRJEB34569	ERR3579804	17417086	WGS	METAGENOMIC	RANDOM	PAIRED	ILLUMINA	NextSeq 500	Homo sapiens	9606
PRJEB34569	ERR3579805	21774956	WGS	METAGENOMIC	RANDOM	PAIRED	ILLUMINA	NextSeq 500	Homo sapiens	9606
PRJEB34569	ERR3579806	29080529	WGS	METAGENOMIC	RANDOM	PAIRED	ILLUMINA	NextSeq 500	Homo sapiens	9606
PRJEB34569	ERR3579813	3390842	WGS	METAGENOMIC	RANDOM	PAIRED	ILLUMINA	NextSeq 500	Homo sapiens	9606
PRJEB34569	ERR3579818	7520684	WGS	METAGENOMIC	RANDOM	PAIRED	ILLUMINA	NextSeq 500	Homo sapiens	9606
PRJEB34569	ERR3579823	44348880	WGS	METAGENOMIC	RANDOM	PAIRED	ILLUMINA	NextSeq 500	Homo sapiens	9606
PRJEB34569	ERR3579824	35364677	WGS	METAGENOMIC	RANDOM	PAIRED	ILLUMINA	NextSeq 500	Homo sapiens	9606
PRJEB34569	ERR3579825	33357115	WGS	METAGENOMIC	RANDOM	PAIRED	ILLUMINA	NextSeq 500	Homo sapiens	9606
PRJEB43291	ERR5354928	137950	WGS	METAGENOMIC	RANDOM	PAIRED	ILLUMINA	Illumina MiniSeq	Homo sapiens	9606
PRJEB43291	ERR5354941	230326	WGS	METAGENOMIC	RANDOM	PAIRED	ILLUMINA	Illumina MiniSeq	Homo sapiens	9606
PRJEB43291	ERR5354970	116828	WGS	METAGENOMIC	RANDOM	PAIRED	ILLUMINA	Illumina MiniSeq	Homo sapiens	9606
PRJEB43291	ERR5354998	963692	WGS	METAGENOMIC	RANDOM	SINGLE	ILLUMINA	Illumina MiniSeq	Homo sapiens	9606
PRJEB61887	ERR11656729	6856759	WGS	METAGENOMIC	RANDOM	SINGLE	ILLUMINA	NextSeq 500	Homo sapiens	9606
PRJEB61887	ERR11656732	7707203	WGS	METAGENOMIC	RANDOM	SINGLE	ILLUMINA	NextSeq 500	Homo sapiens	9606
PRJEB61887	ERR11656734	5547090	WGS	METAGENOMIC	RANDOM	SINGLE	ILLUMINA	NextSeq 500	Homo sapiens	9606
PRJEB61887	ERR11656735	4848844	WGS	METAGENOMIC	RANDOM	SINGLE	ILLUMINA	NextSeq 500	Homo sapiens	9606
PRJEB61887	ERR11656736	4801208	WGS	METAGENOMIC	RANDOM	SINGLE	ILLUMINA	NextSeq 500	Homo sapiens	9606
PRJEB61887	ERR11656739	5177009	WGS	METAGENOMIC	RANDOM	SINGLE	ILLUMINA	NextSeq 500	Homo sapiens	9606
PRJEB61887	ERR11656742	4862469	WGS	METAGENOMIC	RANDOM	SINGLE	ILLUMINA	NextSeq 500	Homo sapiens	9606
PRJEB61887	ERR11656744	5738275	WGS	METAGENOMIC	RANDOM	SINGLE	ILLUMINA	NextSeq 500	Homo sapiens	9606
PRJEB61887	ERR11656745	5344843	WGS	METAGENOMIC	RANDOM	SINGLE	ILLUMINA	NextSeq 500	Homo sapiens	9606
PRJEB61887	ERR11656748	4610130	WGS	METAGENOMIC	RANDOM	SINGLE	ILLUMINA	NextSeq 500	Homo sapiens	9606
PRJEB37995	ERR8050967	36049060	WGS	METAGENOMIC	RANDOM	SINGLE	ILLUMINA	Illumina HiSeq 2500	Homo sapiens	9606
PRJEB25624	ERR2900732	8281186	WGS	METAGENOMIC	RANDOM	PAIRED	ILLUMINA	Illumina HiSeq 2500	Homo sapiens	9606
PRJEB25624	ERR2900738	65985844	WGS	METAGENOMIC	RANDOM	PAIRED	ILLUMINA	Illumina HiSeq 2500	Homo sapiens	9606
PRJEB25624	ERR2900758	5624287	WGS	METAGENOMIC	RANDOM	PAIRED	ILLUMINA	Illumina HiSeq 2500	Homo sapiens	9606
PRJEB55583	ERR10114848	22590910	WGS	METAGENOMIC	RANDOM	PAIRED	ILLUMINA	NextSeq 500	Homo sapiens	9606
PRJEB55583	ERR10114849	21007806	WGS	METAGENOMIC	RANDOM	PAIRED	ILLUMINA	NextSeq 500	Homo sapiens	9606
PRJEB55583	ERR10114850	23198594	WGS	METAGENOMIC	RANDOM	PAIRED	ILLUMINA	NextSeq 500	Homo sapiens	9606
PRJEB34569	ERR3579707	11596167	WGS	METAGENOMIC	RANDOM	PAIRED	ILLUMINA	NextSeq 500	Homo sapiens	9606
PRJEB34569	ERR3579730	14038368	WGS	METAGENOMIC	RANDOM	PAIRED	ILLUMINA	NextSeq 500	Homo sapiens	9606
PRJEB34569	ERR3579731	13625140	WGS	METAGENOMIC	RANDOM	PAIRED	ILLUMINA	NextSeq 500	Homo sapiens	9606
PRJEB34569	ERR3579733	12486390	WGS	METAGENOMIC	RANDOM	PAIRED	ILLUMINA	NextSeq 500	Homo sapiens	9606
PRJEB34569	ERR3579737	104472100	WGS	METAGENOMIC	RANDOM	PAIRED	ILLUMINA	NextSeq 500	Homo sapiens	9606
PRJEB34569	ERR3579739	9254795	WGS	METAGENOMIC	RANDOM	PAIRED	ILLUMINA	NextSeq 500	Homo sapiens	9606
PRJEB34569	ERR3579787	18801683	WGS	METAGENOMIC	RANDOM	PAIRED	ILLUMINA	NextSeq 500	Homo sapiens	9606
PRJEB34569	ERR3579788	17017373	WGS	METAGENOMIC	RANDOM	PAIRED	ILLUMINA	NextSeq 500	Homo sapiens	9606
PRJEB34569	ERR3579789	18685938	WGS	METAGENOMIC	RANDOM	PAIRED	ILLUMINA	NextSeq 500	Homo sapiens	9606
PRJEB34569	ERR3579790	32526718	WGS	METAGENOMIC	RANDOM	PAIRED	ILLUMINA	NextSeq 500	Homo sapiens	9606
PRJEB34569	ERR3579791	13841557	WGS	METAGENOMIC	RANDOM	PAIRED	ILLUMINA	NextSeq 500	Homo sapiens	9606
PRJEB34569	ERR3579802	18911541	WGS	METAGENOMIC	RANDOM	PAIRED	ILLUMINA	NextSeq 500	Homo sapiens	9606
PRJEB34569	ERR3579811	6018075	WGS	METAGENOMIC	RANDOM	PAIRED	ILLUMINA	NextSeq 500	Homo sapiens	9606
PRJEB34569	ERR3579817	7815953	WGS	METAGENOMIC	RANDOM	PAIRED	ILLUMINA	NextSeq 500	Homo sapiens	9606
PRJEB34569	ERR3678177	6760688	WGS	METAGENOMIC	RANDOM	PAIRED	ILLUMINA	NextSeq 500	Homo sapiens	9606
PRJEB34569	ERR3579819	34014564	WGS	METAGENOMIC	RANDOM	PAIRED	ILLUMINA	NextSeq 500	Homo sapiens	9606
PRJEB34569	ERR3579820	15841120	WGS	METAGENOMIC	RANDOM	PAIRED	ILLUMINA	NextSeq 500	Homo sapiens	9606
PRJEB34569	ERR3579822	43443020	WGS	METAGENOMIC	RANDOM	PAIRED	ILLUMINA	NextSeq 500	Homo sapiens	9606
PRJEB43291	ERR5354931	256622	WGS	METAGENOMIC	RANDOM	PAIRED	ILLUMINA	Illumina MiniSeq	Homo sapiens	9606
PRJEB43291	ERR5354945	115256	WGS	METAGENOMIC	RANDOM	PAIRED	ILLUMINA	Illumina MiniSeq	Homo sapiens	9606
PRJEB43291	ERR5354962	200502	WGS	METAGENOMIC	RANDOM	PAIRED	ILLUMINA	Illumina MiniSeq	Homo sapiens	9606
PRJEB43291	ERR5355001	909142	WGS	METAGENOMIC	RANDOM	SINGLE	ILLUMINA	Illumina MiniSeq	Homo sapiens	9606
PRJEB43291	ERR5355015	849418	WGS	METAGENOMIC	RANDOM	SINGLE	ILLUMINA	Illumina MiniSeq	Homo sapiens	9606
PRJEB43291	ERR5355031	848591	WGS	METAGENOMIC	RANDOM	SINGLE	ILLUMINA	Illumina MiniSeq	Homo sapiens	9606
PRJEB43291	ERR5355032	1178944	WGS	METAGENOMIC	RANDOM	SINGLE	ILLUMINA	Illumina MiniSeq	Homo sapiens	9606
PRJEB61887	ERR11656733	4800945	WGS	METAGENOMIC	RANDOM	SINGLE	ILLUMINA	NextSeq 500	Homo sapiens	9606
PRJEB61887	ERR11656738	5246187	WGS	METAGENOMIC	RANDOM	SINGLE	ILLUMINA	NextSeq 500	Homo sapiens	9606
PRJEB61887	ERR11656740	7241723	WGS	METAGENOMIC	RANDOM	SINGLE	ILLUMINA	NextSeq 500	Homo sapiens	9606
PRJEB61887	ERR11656743	5388375	WGS	METAGENOMIC	RANDOM	SINGLE	ILLUMINA	NextSeq 500	Homo sapiens	9606
PRJEB25624	ERR2900742	30575904	WGS	METAGENOMIC	RANDOM	PAIRED	ILLUMINA	Illumina HiSeq 2500	Homo sapiens	9606
PRJEB25624	ERR2900744	11373256	WGS	METAGENOMIC	RANDOM	PAIRED	ILLUMINA	Illumina HiSeq 2500	Homo sapiens	9606
PRJEB25624	ERR2900746	15279369	WGS	METAGENOMIC	RANDOM	PAIRED	ILLUMINA	Illumina HiSeq 2500	Homo sapiens	9606
PRJEB25624	ERR2900748	13944283	WGS	METAGENOMIC	RANDOM	PAIRED	ILLUMINA	Illumina HiSeq 2500	Homo sapiens	9606
PRJEB25624	ERR2900752	11681424	WGS	METAGENOMIC	RANDOM	PAIRED	ILLUMINA	Illumina HiSeq 2500	Homo sapiens	9606
PRJEB25624	ERR2900756	5780869	WGS	METAGENOMIC	RANDOM	PAIRED	ILLUMINA	Illumina HiSeq 2500	Homo sapiens	9606
PRJEB25624	ERR2900770	51675986	WGS	METAGENOMIC	RANDOM	PAIRED	ILLUMINA	Illumina HiSeq 2500	Homo sapiens	9606
PRJEB25624	ERR2900776	7453959	WGS	METAGENOMIC	RANDOM	PAIRED	ILLUMINA	Illumina HiSeq 2500	Homo sapiens	9606
PRJEB55583	ERR10114857	240792274	WGS	METAGENOMIC	RANDOM	PAIRED	ILLUMINA	NextSeq 500	Homo sapiens	9606
PRJEB55583	ERR10114860	176915264	WGS	METAGENOMIC	RANDOM	PAIRED	ILLUMINA	NextSeq 500	Homo sapiens	9606
PRJEB34569	ERR3579719	6764741	WGS	METAGENOMIC	RANDOM	PAIRED	ILLUMINA	NextSeq 500	Homo sapiens	9606
PRJEB34569	ERR3579732	67123133	WGS	METAGENOMIC	RANDOM	PAIRED	ILLUMINA	NextSeq 500	Homo sapiens	9606
PRJEB34569	ERR3579736	13336606	WGS	METAGENOMIC	RANDOM	PAIRED	ILLUMINA	NextSeq 500	Homo sapiens	9606
PRJEB34569	ERR3579741	10499367	WGS	METAGENOMIC	RANDOM	PAIRED	ILLUMINA	NextSeq 500	Homo sapiens	9606
PRJEB34569	ERR3579784	18352049	WGS	METAGENOMIC	RANDOM	PAIRED	ILLUMINA	NextSeq 500	Homo sapiens	9606
PRJEB34569	ERR3579786	109880028	WGS	METAGENOMIC	RANDOM	PAIRED	ILLUMINA	NextSeq 500	Homo sapiens	9606
PRJEB34569	ERR3579801	16440498	WGS	METAGENOMIC	RANDOM	PAIRED	ILLUMINA	NextSeq 500	Homo sapiens	9606
PRJEB34569	ERR3579809	13440295	WGS	METAGENOMIC	RANDOM	PAIRED	ILLUMINA	NextSeq 500	Homo sapiens	9606
PRJEB34569	ERR3579810	64465025	WGS	METAGENOMIC	RANDOM	PAIRED	ILLUMINA	NextSeq 500	Homo sapiens	9606
PRJEB34569	ERR3579812	8867815	WGS	METAGENOMIC	RANDOM	PAIRED	ILLUMINA	NextSeq 500	Homo sapiens	9606
PRJEB34569	ERR3579814	3369663	WGS	METAGENOMIC	RANDOM	PAIRED	ILLUMINA	NextSeq 500	Homo sapiens	9606
PRJEB34569	ERR3678176	5204101	WGS	METAGENOMIC	RANDOM	PAIRED	ILLUMINA	NextSeq 500	Homo sapiens	9606
PRJEB34569	ERR3579821	26165856	WGS	METAGENOMIC	RANDOM	PAIRED	ILLUMINA	NextSeq 500	Homo sapiens	9606
PRJEB34569	ERR3579826	19131370	WGS	METAGENOMIC	RANDOM	PAIRED	ILLUMINA	NextSeq 500	Homo sapiens	9606
PRJEB43291	ERR5355011	1042749	WGS	METAGENOMIC	RANDOM	SINGLE	ILLUMINA	Illumina MiniSeq	Homo sapiens	9606
PRJEB43291	ERR5355040	827979	WGS	METAGENOMIC	RANDOM	SINGLE	ILLUMINA	Illumina MiniSeq	Homo sapiens	9606
PRJEB61887	ERR11656730	5127853	WGS	METAGENOMIC	RANDOM	SINGLE	ILLUMINA	NextSeq 500	Homo sapiens	9606
PRJEB61887	ERR11656731	4679906	WGS	METAGENOMIC	RANDOM	SINGLE	ILLUMINA	NextSeq 500	Homo sapiens	9606
PRJEB61887	ERR11656737	5156755	WGS	METAGENOMIC	RANDOM	SINGLE	ILLUMINA	NextSeq 500	Homo sapiens	9606
PRJEB61887	ERR11656741	5043293	WGS	METAGENOMIC	RANDOM	SINGLE	ILLUMINA	NextSeq 500	Homo sapiens	9606
PRJEB61887	ERR11656746	4730786	WGS	METAGENOMIC	RANDOM	SINGLE	ILLUMINA	NextSeq 500	Homo sapiens	9606
PRJEB61887	ERR11656747	5516651	WGS	METAGENOMIC	RANDOM	SINGLE	ILLUMINA	NextSeq 500	Homo sapiens	9606
PRJEB25624	ERR2900734	15866031	WGS	METAGENOMIC	RANDOM	PAIRED	ILLUMINA	Illumina HiSeq 2500	Homo sapiens	9606
PRJEB25624	ERR2900736	22466043	WGS	METAGENOMIC	RANDOM	PAIRED	ILLUMINA	Illumina HiSeq 2500	Homo sapiens	9606
PRJEB25624	ERR2900740	9297892	WGS	METAGENOMIC	RANDOM	PAIRED	ILLUMINA	Illumina HiSeq 2500	Homo sapiens	9606
PRJEB25624	ERR2900750	30574553	WGS	METAGENOMIC	RANDOM	PAIRED	ILLUMINA	Illumina HiSeq 2500	Homo sapiens	9606
PRJEB25624	ERR2900754	33303658	WGS	METAGENOMIC	RANDOM	PAIRED	ILLUMINA	Illumina HiSeq 2500	Homo sapiens	9606
PRJEB25624	ERR2900760	5972509	WGS	METAGENOMIC	RANDOM	PAIRED	ILLUMINA	Illumina HiSeq 2500	Homo sapiens	9606
PRJEB25624	ERR2900762	7616182	WGS	METAGENOMIC	RANDOM	PAIRED	ILLUMINA	Illumina HiSeq 2500	Homo sapiens	9606
PRJEB25624	ERR2900764	6961981	WGS	METAGENOMIC	RANDOM	PAIRED	ILLUMINA	Illumina HiSeq 2500	Homo sapiens	9606
PRJEB25624	ERR2900766	27119956	WGS	METAGENOMIC	RANDOM	PAIRED	ILLUMINA	Illumina HiSeq 2500	Homo sapiens	9606
PRJEB25624	ERR2900768	8646847	WGS	METAGENOMIC	RANDOM	PAIRED	ILLUMINA	Illumina HiSeq 2500	Homo sapiens	9606
PRJEB25624	ERR2900772	9599653	WGS	METAGENOMIC	RANDOM	PAIRED	ILLUMINA	Illumina HiSeq 2500	Homo sapiens	9606
PRJEB25624	ERR2900774	16166076	WGS	METAGENOMIC	RANDOM	PAIRED	ILLUMINA	Illumina HiSeq 2500	Homo sapiens	9606
PRJEB25624	ERR2900778	21623173	WGS	METAGENOMIC	RANDOM	PAIRED	ILLUMINA	Illumina HiSeq 2500	Homo sapiens	9606
PRJEB31971	ERR4670285	66729396	WGS	METAGENOMIC	RANDOM	PAIRED	ILLUMINA	Illumina HiSeq 2500	Homo sapiens	9606
PRJEB31971	ERR4670286	206515432	WGS	METAGENOMIC	RANDOM	PAIRED	ILLUMINA	Illumina HiSeq 2500	Homo sapiens	9606
PRJEB31971	ERR4670289	48164912	WGS	METAGENOMIC	RANDOM	PAIRED	ILLUMINA	Illumina HiSeq 2500	Homo sapiens	9606
PRJEB44507	ERR5766170	5786832	WGS	METAGENOMIC	RANDOM	PAIRED	ILLUMINA	HiSeq X Ten	Homo sapiens	9606
PRJEB44507	ERR5766166	111050094	WGS	METAGENOMIC	RANDOM	PAIRED	ILLUMINA	Illumina HiSeq 2500	Homo sapiens	9606
PRJEB44507	ERR5766174	1575754	WGS	METAGENOMIC	RANDOM	PAIRED	ILLUMINA	Illumina MiSeq	Homo sapiens	9606
PRJEB44507	ERR5766175	2270178	WGS	METAGENOMIC	RANDOM	PAIRED	ILLUMINA	Illumina MiSeq	Homo sapiens	9606
PRJEB44507	ERR5766180	1603064	WGS	METAGENOMIC	RANDOM	PAIRED	ILLUMINA	Illumina MiSeq	Homo sapiens	9606
PRJEB44507	ERR5766181	1075088	WGS	METAGENOMIC	RANDOM	PAIRED	ILLUMINA	Illumina MiSeq	Homo sapiens	9606
PRJEB44507	ERR5766169	117159708	WGS	METAGENOMIC	RANDOM	PAIRED	ILLUMINA	Illumina HiSeq 2500	Homo sapiens	9606
PRJEB44507	ERR5766171	3242894	WGS	METAGENOMIC	RANDOM	PAIRED	ILLUMINA	Illumina MiSeq	Homo sapiens	9606
PRJEB44507	ERR5766173	212742092	WGS	METAGENOMIC	RANDOM	PAIRED	ILLUMINA	HiSeq X Ten	Homo sapiens	9606
PRJEB44507	ERR5766176	1264120	WGS	METAGENOMIC	RANDOM	PAIRED	ILLUMINA	Illumina MiSeq	Homo sapiens	9606
PRJEB44507	ERR5766177	153462012	WGS	METAGENOMIC	RANDOM	PAIRED	ILLUMINA	Illumina HiSeq 2500	Homo sapiens	9606
PRJEB44507	ERR5766182	138836358	WGS	METAGENOMIC	RANDOM	PAIRED	ILLUMINA	Illumina HiSeq 2500	Homo sapiens	9606
PRJEB44507	ERR5766168	1918168	WGS	METAGENOMIC	RANDOM	PAIRED	ILLUMINA	Illumina MiSeq	Homo sapiens	9606
PRJEB44507	ERR5766165	2004080	WGS	METAGENOMIC	RANDOM	PAIRED	ILLUMINA	Illumina MiSeq	Homo sapiens	9606
PRJEB44507	ERR5766167	209811616	WGS	METAGENOMIC	RANDOM	PAIRED	ILLUMINA	HiSeq X Ten	Homo sapiens	9606
PRJEB44507	ERR5766172	233478108	WGS	METAGENOMIC	RANDOM	PAIRED	ILLUMINA	Illumina HiSeq 2500	Homo sapiens	9606
PRJEB44507	ERR5766178	123555284	WGS	METAGENOMIC	RANDOM	PAIRED	ILLUMINA	HiSeq X Ten	Homo sapiens	9606
PRJEB44507	ERR5766179	1858404	WGS	METAGENOMIC	RANDOM	PAIRED	ILLUMINA	Illumina MiSeq	Homo sapiens	9606
PRJEB44507	ERR5766183	84192332	WGS	METAGENOMIC	RANDOM	PAIRED	ILLUMINA	HiSeq X Ten	Homo sapiens	9606
PRJEB33848	ERR4373184	543605	WGS	METAGENOMIC	RANDOM	PAIRED	ILLUMINA	Illumina HiSeq 2500	Homo sapiens	9606
PRJEB33848	ERR4373979	73611048	WGS	METAGENOMIC	RANDOM	PAIRED	ILLUMINA	Illumina HiSeq 4000	Homo sapiens	9606
PRJEB33848	ERR4374001	1405683	WGS	METAGENOMIC	RANDOM	PAIRED	ILLUMINA	Illumina HiSeq 2500	Homo sapiens	9606
PRJEB33848	ERR4374006	1521448	WGS	METAGENOMIC	RANDOM	PAIRED	ILLUMINA	Illumina HiSeq 2500	Homo sapiens	9606
PRJEB33848	ERR4374020	4243423	WGS	METAGENOMIC	RANDOM	PAIRED	ILLUMINA	Illumina HiSeq 2500	Homo sapiens	9606
PRJEB33848	ERR4374032	1555902	WGS	METAGENOMIC	RANDOM	PAIRED	ILLUMINA	Illumina HiSeq 2500	Homo sapiens	9606
PRJEB33848	ERR4374035	2408551	WGS	METAGENOMIC	RANDOM	PAIRED	ILLUMINA	Illumina HiSeq 2500	Homo sapiens	9606
PRJEB33848	ERR4374036	1489554	WGS	METAGENOMIC	RANDOM	PAIRED	ILLUMINA	Illumina HiSeq 2500	Homo sapiens	9606
PRJEB33848	ERR4374037	2136032	WGS	METAGENOMIC	RANDOM	PAIRED	ILLUMINA	Illumina HiSeq 2500	Homo sapiens	9606
PRJEB33848	ERR4374042	1338722	WGS	METAGENOMIC	RANDOM	PAIRED	ILLUMINA	Illumina HiSeq 2500	Homo sapiens	9606
PRJEB33848	ERR4374045	1621490	WGS	METAGENOMIC	RANDOM	PAIRED	ILLUMINA	Illumina HiSeq 2500	Homo sapiens	9606
PRJEB33848	ERR4374857	2158015	WGS	METAGENOMIC	RANDOM	PAIRED	ILLUMINA	Illumina HiSeq 2500	Homo sapiens	9606
PRJEB33848	ERR4374859	2331677	WGS	METAGENOMIC	RANDOM	PAIRED	ILLUMINA	Illumina HiSeq 2500	Homo sapiens	9606
PRJEB33848	ERR4374860	1545959	WGS	METAGENOMIC	RANDOM	PAIRED	ILLUMINA	Illumina HiSeq 2500	Homo sapiens	9606
PRJEB33848	ERR4374863	1302721	WGS	METAGENOMIC	RANDOM	PAIRED	ILLUMINA	Illumina HiSeq 2500	Homo sapiens	9606
PRJEB33848	ERR4374867	1669897	WGS	METAGENOMIC	RANDOM	PAIRED	ILLUMINA	Illumina HiSeq 2500	Homo sapiens	9606
PRJEB33848	ERR4374873	2075017	WGS	METAGENOMIC	RANDOM	PAIRED	ILLUMINA	Illumina HiSeq 2500	Homo sapiens	9606
PRJEB33848	ERR4374913	1532250	WGS	METAGENOMIC	RANDOM	PAIRED	ILLUMINA	Illumina HiSeq 2500	Homo sapiens	9606
PRJEB33848	ERR4374923	1688220	WGS	METAGENOMIC	RANDOM	PAIRED	ILLUMINA	Illumina HiSeq 2500	Homo sapiens	9606
PRJEB33848	ERR4374924	1680416	WGS	METAGENOMIC	RANDOM	PAIRED	ILLUMINA	Illumina HiSeq 2500	Homo sapiens	9606
PRJEB33848	ERR4374948	1675402	WGS	METAGENOMIC	RANDOM	PAIRED	ILLUMINA	Illumina HiSeq 2500	Homo sapiens	9606
PRJEB33848	ERR4375017	1799801	WGS	METAGENOMIC	RANDOM	PAIRED	ILLUMINA	Illumina HiSeq 2500	Homo sapiens	9606
PRJEB33848	ERR4375045	2090514	WGS	METAGENOMIC	RANDOM	PAIRED	ILLUMINA	Illumina HiSeq 2500	Homo sapiens	9606
PRJEB33848	ERR4375048	1787448	WGS	METAGENOMIC	RANDOM	PAIRED	ILLUMINA	Illumina HiSeq 2500	Homo sapiens	9606
PRJEB33848	ERR4375050	1574769	WGS	METAGENOMIC	RANDOM	PAIRED	ILLUMINA	Illumina HiSeq 2500	Homo sapiens	9606
PRJEB33848	ERR4375143	1584556	WGS	METAGENOMIC	RANDOM	PAIRED	ILLUMINA	Illumina HiSeq 2500	Homo sapiens	9606
PRJEB33848	ERR4383829	25875319	WGS	METAGENOMIC	RANDOM	SINGLE	ILLUMINA	Illumina HiSeq 4000	Homo sapiens	9606
PRJEB33848	ERR4373177	928609	WGS	METAGENOMIC	RANDOM	PAIRED	ILLUMINA	Illumina HiSeq 2500	Homo sapiens	9606
PRJEB33848	ERR4373191	216601	WGS	METAGENOMIC	RANDOM	PAIRED	ILLUMINA	Illumina HiSeq 2500	Homo sapiens	9606
PRJEB33848	ERR4374026	2679085	WGS	METAGENOMIC	RANDOM	PAIRED	ILLUMINA	Illumina HiSeq 2500	Homo sapiens	9606
PRJEB33848	ERR4374055	1446762	WGS	METAGENOMIC	RANDOM	PAIRED	ILLUMINA	Illumina HiSeq 2500	Homo sapiens	9606
PRJEB33848	ERR4374862	1634745	WGS	METAGENOMIC	RANDOM	PAIRED	ILLUMINA	Illumina HiSeq 2500	Homo sapiens	9606
PRJEB33848	ERR4374871	2505651	WGS	METAGENOMIC	RANDOM	PAIRED	ILLUMINA	Illumina HiSeq 2500	Homo sapiens	9606
PRJEB33848	ERR4374872	1636099	WGS	METAGENOMIC	RANDOM	PAIRED	ILLUMINA	Illumina HiSeq 2500	Homo sapiens	9606
PRJEB33848	ERR4374874	1862740	WGS	METAGENOMIC	RANDOM	PAIRED	ILLUMINA	Illumina HiSeq 2500	Homo sapiens	9606
PRJEB33848	ERR4374914	1586988	WGS	METAGENOMIC	RANDOM	PAIRED	ILLUMINA	Illumina HiSeq 2500	Homo sapiens	9606
PRJEB33848	ERR4374929	1724158	WGS	METAGENOMIC	RANDOM	PAIRED	ILLUMINA	Illumina HiSeq 2500	Homo sapiens	9606
PRJEB33848	ERR4374962	1830412	WGS	METAGENOMIC	RANDOM	PAIRED	ILLUMINA	Illumina HiSeq 2500	Homo sapiens	9606
PRJEB33848	ERR4373169	969882	WGS	METAGENOMIC	RANDOM	PAIRED	ILLUMINA	Illumina HiSeq 2500	Homo sapiens	9606
PRJEB33848	ERR4373173	531755	WGS	METAGENOMIC	RANDOM	PAIRED	ILLUMINA	Illumina HiSeq 2500	Homo sapiens	9606
PRJEB33848	ERR4373186	537084	WGS	METAGENOMIC	RANDOM	PAIRED	ILLUMINA	Illumina HiSeq 2500	Homo sapiens	9606
PRJEB33848	ERR4373996	1826213	WGS	METAGENOMIC	RANDOM	PAIRED	ILLUMINA	Illumina HiSeq 2500	Homo sapiens	9606
PRJEB33848	ERR4374012	2726683	WGS	METAGENOMIC	RANDOM	PAIRED	ILLUMINA	Illumina HiSeq 2500	Homo sapiens	9606
PRJEB33848	ERR4374017	2363555	WGS	METAGENOMIC	RANDOM	PAIRED	ILLUMINA	Illumina HiSeq 2500	Homo sapiens	9606
PRJEB33848	ERR4374019	1592295	WGS	METAGENOMIC	RANDOM	PAIRED	ILLUMINA	Illumina HiSeq 2500	Homo sapiens	9606
PRJEB33848	ERR4374027	1862642	WGS	METAGENOMIC	RANDOM	PAIRED	ILLUMINA	Illumina HiSeq 2500	Homo sapiens	9606
PRJEB33848	ERR4374033	4972760	WGS	METAGENOMIC	RANDOM	PAIRED	ILLUMINA	Illumina HiSeq 2500	Homo sapiens	9606
PRJEB33848	ERR4374046	4476616	WGS	METAGENOMIC	RANDOM	PAIRED	ILLUMINA	Illumina HiSeq 2500	Homo sapiens	9606
PRJEB33848	ERR4374052	1288234	WGS	METAGENOMIC	RANDOM	PAIRED	ILLUMINA	Illumina HiSeq 2500	Homo sapiens	9606
PRJEB33848	ERR4374851	1719416	WGS	METAGENOMIC	RANDOM	PAIRED	ILLUMINA	Illumina HiSeq 2500	Homo sapiens	9606
PRJEB33848	ERR4374915	1562934	WGS	METAGENOMIC	RANDOM	PAIRED	ILLUMINA	Illumina HiSeq 2500	Homo sapiens	9606
PRJEB33848	ERR4374916	1549710	WGS	METAGENOMIC	RANDOM	PAIRED	ILLUMINA	Illumina HiSeq 2500	Homo sapiens	9606
PRJEB33848	ERR4386594	7498748	WGS	METAGENOMIC	RANDOM	PAIRED	ILLUMINA	Illumina HiSeq 4000	Homo sapiens	9606
PRJEB33848	ERR4388102	2094918	WGS	METAGENOMIC	RANDOM	PAIRED	ILLUMINA	Illumina HiSeq 4000	Homo sapiens	9606
PRJEB33848	ERR4391165	117606370	WGS	METAGENOMIC	RANDOM	PAIRED	ILLUMINA	Illumina HiSeq 4000	Homo sapiens	9606
PRJEB33848	ERR4408188	1557362	WGS	METAGENOMIC	RANDOM	PAIRED	ILLUMINA	Illumina HiSeq 2500	Homo sapiens	9606
PRJEB91735	ERR15308372	16244460	WGS	METAGENOMIC	RANDOM	PAIRED	ILLUMINA	Illumina HiSeq 2500	Homo sapiens	9606
PRJEB45999	ERR6558480	60460776	WGS	METAGENOMIC	RANDOM	PAIRED	ILLUMINA	HiSeq X Ten	Homo sapiens	9606
PRJEB45999	ERR6558482	26968780	WGS	METAGENOMIC	RANDOM	PAIRED	ILLUMINA	HiSeq X Ten	Homo sapiens	9606
PRJEB44723	ERR14161589	35391338	WGS	METAGENOMIC	RANDOM	PAIRED	ILLUMINA	Illumina HiSeq 2500	Homo sapiens	9606
PRJEB44723	ERR6221489	25005764	WGS	METAGENOMIC	RANDOM	PAIRED	ILLUMINA	Illumina HiSeq 4000	Homo sapiens	9606
PRJEB44723	ERR6221493	11914554	WGS	METAGENOMIC	RANDOM	PAIRED	ILLUMINA	Illumina HiSeq 4000	Homo sapiens	9606
PRJEB44723	ERR8202904	13274056	WGS	METAGENOMIC	RANDOM	PAIRED	ILLUMINA	Illumina HiSeq 2500	Homo sapiens	9606
PRJEB44723	ERR8202906	43442496	WGS	METAGENOMIC	RANDOM	PAIRED	ILLUMINA	Illumina HiSeq 4000	Homo sapiens	9606
PRJEB44723	ERR8202909	52823444	WGS	METAGENOMIC	RANDOM	PAIRED	ILLUMINA	Illumina HiSeq 4000	Homo sapiens	9606
PRJEB44723	ERR8202910	18395200	WGS	METAGENOMIC	RANDOM	PAIRED	ILLUMINA	Illumina HiSeq 4000	Homo sapiens	9606
PRJEB33848	ERR4373153	3524259	WGS	METAGENOMIC	RANDOM	PAIRED	ILLUMINA	NextSeq 500	Homo sapiens	9606
PRJEB33848	ERR4373998	1535338	WGS	METAGENOMIC	RANDOM	PAIRED	ILLUMINA	Illumina HiSeq 2500	Homo sapiens	9606
PRJEB33848	ERR4374002	2453295	WGS	METAGENOMIC	RANDOM	PAIRED	ILLUMINA	Illumina HiSeq 2500	Homo sapiens	9606
PRJEB33848	ERR4374031	1510632	WGS	METAGENOMIC	RANDOM	PAIRED	ILLUMINA	Illumina HiSeq 2500	Homo sapiens	9606
PRJEB33848	ERR4374034	1766342	WGS	METAGENOMIC	RANDOM	PAIRED	ILLUMINA	Illumina HiSeq 2500	Homo sapiens	9606
PRJEB33848	ERR4374044	1956355	WGS	METAGENOMIC	RANDOM	PAIRED	ILLUMINA	Illumina HiSeq 2500	Homo sapiens	9606
PRJEB33848	ERR4374048	2122344	WGS	METAGENOMIC	RANDOM	PAIRED	ILLUMINA	Illumina HiSeq 2500	Homo sapiens	9606
PRJEB33848	ERR4374866	1923470	WGS	METAGENOMIC	RANDOM	PAIRED	ILLUMINA	Illumina HiSeq 2500	Homo sapiens	9606
PRJEB33848	ERR4374875	1893965	WGS	METAGENOMIC	RANDOM	PAIRED	ILLUMINA	Illumina HiSeq 2500	Homo sapiens	9606
PRJEB33848	ERR4374928	1690551	WGS	METAGENOMIC	RANDOM	PAIRED	ILLUMINA	Illumina HiSeq 2500	Homo sapiens	9606
PRJEB33848	ERR4375032	1724062	WGS	METAGENOMIC	RANDOM	PAIRED	ILLUMINA	Illumina HiSeq 2500	Homo sapiens	9606
PRJEB33848	ERR4375036	1665537	WGS	METAGENOMIC	RANDOM	PAIRED	ILLUMINA	Illumina HiSeq 2500	Homo sapiens	9606
PRJEB33848	ERR4375137	1713268	WGS	METAGENOMIC	RANDOM	PAIRED	ILLUMINA	Illumina HiSeq 2500	Homo sapiens	9606
PRJEB33848	ERR4373134	3502208	WGS	METAGENOMIC	RANDOM	PAIRED	ILLUMINA	NextSeq 500	Homo sapiens	9606
PRJEB33848	ERR4373159	3300317	WGS	METAGENOMIC	RANDOM	PAIRED	ILLUMINA	NextSeq 500	Homo sapiens	9606
PRJEB33848	ERR4373176	334912	WGS	METAGENOMIC	RANDOM	PAIRED	ILLUMINA	Illumina HiSeq 2500	Homo sapiens	9606
PRJEB33848	ERR4373183	489496	WGS	METAGENOMIC	RANDOM	PAIRED	ILLUMINA	Illumina HiSeq 2500	Homo sapiens	9606
PRJEB33848	ERR4373189	188541	WGS	METAGENOMIC	RANDOM	PAIRED	ILLUMINA	Illumina HiSeq 2500	Homo sapiens	9606
PRJEB33848	ERR4373197	256341	WGS	METAGENOMIC	RANDOM	PAIRED	ILLUMINA	Illumina HiSeq 2500	Homo sapiens	9606
PRJEB33848	ERR4374016	1435984	WGS	METAGENOMIC	RANDOM	PAIRED	ILLUMINA	Illumina HiSeq 2500	Homo sapiens	9606
PRJEB33848	ERR4374051	1520978	WGS	METAGENOMIC	RANDOM	PAIRED	ILLUMINA	Illumina HiSeq 2500	Homo sapiens	9606
PRJEB33848	ERR4374870	1619212	WGS	METAGENOMIC	RANDOM	PAIRED	ILLUMINA	Illumina HiSeq 2500	Homo sapiens	9606
PRJEB33848	ERR4375011	1838657	WGS	METAGENOMIC	RANDOM	PAIRED	ILLUMINA	Illumina HiSeq 2500	Homo sapiens	9606
PRJEB33848	ERR4375049	1945335	WGS	METAGENOMIC	RANDOM	PAIRED	ILLUMINA	Illumina HiSeq 2500	Homo sapiens	9606
PRJEB33848	ERR4375136	1541347	WGS	METAGENOMIC	RANDOM	PAIRED	ILLUMINA	Illumina HiSeq 2500	Homo sapiens	9606
PRJEB33848	ERR4383828	27168496	WGS	METAGENOMIC	RANDOM	SINGLE	ILLUMINA	Illumina HiSeq 4000	Homo sapiens	9606
PRJEB33848	ERR4373198	191481	WGS	METAGENOMIC	RANDOM	PAIRED	ILLUMINA	Illumina HiSeq 2500	Homo sapiens	9606
PRJEB33848	ERR4373995	1764385	WGS	METAGENOMIC	RANDOM	PAIRED	ILLUMINA	Illumina HiSeq 2500	Homo sapiens	9606
PRJEB33848	ERR4374003	1535338	WGS	METAGENOMIC	RANDOM	PAIRED	ILLUMINA	Illumina HiSeq 2500	Homo sapiens	9606
PRJEB33848	ERR4374005	1387656	WGS	METAGENOMIC	RANDOM	PAIRED	ILLUMINA	Illumina HiSeq 2500	Homo sapiens	9606
PRJEB33848	ERR4374008	3702377	WGS	METAGENOMIC	RANDOM	PAIRED	ILLUMINA	Illumina HiSeq 2500	Homo sapiens	9606
PRJEB33848	ERR4374014	1659994	WGS	METAGENOMIC	RANDOM	PAIRED	ILLUMINA	Illumina HiSeq 2500	Homo sapiens	9606
PRJEB33848	ERR4374021	2420852	WGS	METAGENOMIC	RANDOM	PAIRED	ILLUMINA	Illumina HiSeq 2500	Homo sapiens	9606
PRJEB33848	ERR4374022	1605751	WGS	METAGENOMIC	RANDOM	PAIRED	ILLUMINA	Illumina HiSeq 2500	Homo sapiens	9606
PRJEB33848	ERR4374043	4346311	WGS	METAGENOMIC	RANDOM	PAIRED	ILLUMINA	Illumina HiSeq 2500	Homo sapiens	9606
PRJEB33848	ERR4374053	1545893	WGS	METAGENOMIC	RANDOM	PAIRED	ILLUMINA	Illumina HiSeq 2500	Homo sapiens	9606
PRJEB33848	ERR4374861	1709075	WGS	METAGENOMIC	RANDOM	PAIRED	ILLUMINA	Illumina HiSeq 2500	Homo sapiens	9606
PRJEB33848	ERR4375132	1769040	WGS	METAGENOMIC	RANDOM	PAIRED	ILLUMINA	Illumina HiSeq 2500	Homo sapiens	9606
PRJEB33848	ERR4384927	1151423	WGS	METAGENOMIC	RANDOM	PAIRED	ILLUMINA	Illumina HiSeq 4000	Homo sapiens	9606
PRJEB33848	ERR4385800	3669179	WGS	METAGENOMIC	RANDOM	PAIRED	ILLUMINA	Illumina HiSeq 4000	Homo sapiens	9606
PRJEB33848	ERR4386464	214096221	WGS	METAGENOMIC	RANDOM	PAIRED	ILLUMINA	Illumina HiSeq 4000	Homo sapiens	9606
PRJEB33848	ERR4388231	68309897	WGS	METAGENOMIC	RANDOM	PAIRED	ILLUMINA	Illumina HiSeq 4000	Homo sapiens	9606
PRJEB33848	ERR4408185	3058580	WGS	METAGENOMIC	RANDOM	PAIRED	ILLUMINA	Illumina HiSeq 2500	Homo sapiens	9606
PRJEB45999	ERR6558481	35858612	WGS	METAGENOMIC	RANDOM	PAIRED	ILLUMINA	HiSeq X Ten	Homo sapiens	9606
PRJEB44723	ERR8202900	8133580	WGS	METAGENOMIC	RANDOM	PAIRED	ILLUMINA	Illumina HiSeq 4000	Homo sapiens	9606
PRJEB44723	ERR8202901	19418682	WGS	METAGENOMIC	RANDOM	PAIRED	ILLUMINA	Illumina HiSeq 2500	Homo sapiens	9606
PRJEB44723	ERR8202902	52166624	WGS	METAGENOMIC	RANDOM	PAIRED	ILLUMINA	Illumina HiSeq 2500	Homo sapiens	9606
PRJEB44723	ERR14161581	36874924	WGS	METAGENOMIC	RANDOM	PAIRED	ILLUMINA	Illumina HiSeq 2500	Homo sapiens	9606
PRJEB33848	ERR4373119	3936938	WGS	METAGENOMIC	RANDOM	PAIRED	ILLUMINA	NextSeq 500	Homo sapiens	9606
PRJEB33848	ERR4373161	295362	WGS	METAGENOMIC	RANDOM	PAIRED	ILLUMINA	NextSeq 500	Homo sapiens	9606
PRJEB33848	ERR4373164	105180	WGS	METAGENOMIC	RANDOM	PAIRED	ILLUMINA	NextSeq 500	Homo sapiens	9606
PRJEB33848	ERR4373182	472074	WGS	METAGENOMIC	RANDOM	PAIRED	ILLUMINA	Illumina HiSeq 2500	Homo sapiens	9606
PRJEB33848	ERR4373185	497334	WGS	METAGENOMIC	RANDOM	PAIRED	ILLUMINA	Illumina HiSeq 2500	Homo sapiens	9606
PRJEB33848	ERR4373187	582051	WGS	METAGENOMIC	RANDOM	PAIRED	ILLUMINA	Illumina HiSeq 2500	Homo sapiens	9606
PRJEB33848	ERR4373190	364358	WGS	METAGENOMIC	RANDOM	PAIRED	ILLUMINA	Illumina HiSeq 2500	Homo sapiens	9606
PRJEB33848	ERR4373192	287749	WGS	METAGENOMIC	RANDOM	PAIRED	ILLUMINA	Illumina HiSeq 2500	Homo sapiens	9606
PRJEB33848	ERR4373194	213003	WGS	METAGENOMIC	RANDOM	PAIRED	ILLUMINA	Illumina HiSeq 2500	Homo sapiens	9606
PRJEB33848	ERR4373196	260856	WGS	METAGENOMIC	RANDOM	PAIRED	ILLUMINA	Illumina HiSeq 2500	Homo sapiens	9606
PRJEB33848	ERR4373199	256223	WGS	METAGENOMIC	RANDOM	PAIRED	ILLUMINA	Illumina HiSeq 2500	Homo sapiens	9606
PRJEB33848	ERR4373997	1405683	WGS	METAGENOMIC	RANDOM	PAIRED	ILLUMINA	Illumina HiSeq 2500	Homo sapiens	9606
PRJEB33848	ERR4373999	1826213	WGS	METAGENOMIC	RANDOM	PAIRED	ILLUMINA	Illumina HiSeq 2500	Homo sapiens	9606
PRJEB33848	ERR4374000	1764385	WGS	METAGENOMIC	RANDOM	PAIRED	ILLUMINA	Illumina HiSeq 2500	Homo sapiens	9606
PRJEB33848	ERR4374004	1990795	WGS	METAGENOMIC	RANDOM	PAIRED	ILLUMINA	Illumina HiSeq 2500	Homo sapiens	9606
PRJEB33848	ERR4374007	1552798	WGS	METAGENOMIC	RANDOM	PAIRED	ILLUMINA	Illumina HiSeq 2500	Homo sapiens	9606
PRJEB33848	ERR4374009	1807676	WGS	METAGENOMIC	RANDOM	PAIRED	ILLUMINA	Illumina HiSeq 2500	Homo sapiens	9606
PRJEB33848	ERR4374011	2920994	WGS	METAGENOMIC	RANDOM	PAIRED	ILLUMINA	Illumina HiSeq 2500	Homo sapiens	9606
PRJEB33848	ERR4374015	5086434	WGS	METAGENOMIC	RANDOM	PAIRED	ILLUMINA	Illumina HiSeq 2500	Homo sapiens	9606
PRJEB33848	ERR4374023	2645123	WGS	METAGENOMIC	RANDOM	PAIRED	ILLUMINA	Illumina HiSeq 2500	Homo sapiens	9606
PRJEB33848	ERR4374024	1624377	WGS	METAGENOMIC	RANDOM	PAIRED	ILLUMINA	Illumina HiSeq 2500	Homo sapiens	9606
PRJEB33848	ERR4374025	1276554	WGS	METAGENOMIC	RANDOM	PAIRED	ILLUMINA	Illumina HiSeq 2500	Homo sapiens	9606
PRJEB33848	ERR4374028	1471180	WGS	METAGENOMIC	RANDOM	PAIRED	ILLUMINA	Illumina HiSeq 2500	Homo sapiens	9606
PRJEB33848	ERR4374029	2449784	WGS	METAGENOMIC	RANDOM	PAIRED	ILLUMINA	Illumina HiSeq 2500	Homo sapiens	9606
PRJEB33848	ERR4374030	1666084	WGS	METAGENOMIC	RANDOM	PAIRED	ILLUMINA	Illumina HiSeq 2500	Homo sapiens	9606
PRJEB33848	ERR4374038	1608171	WGS	METAGENOMIC	RANDOM	PAIRED	ILLUMINA	Illumina HiSeq 2500	Homo sapiens	9606
PRJEB33848	ERR4374039	1722930	WGS	METAGENOMIC	RANDOM	PAIRED	ILLUMINA	Illumina HiSeq 2500	Homo sapiens	9606
PRJEB33848	ERR4374041	1321231	WGS	METAGENOMIC	RANDOM	PAIRED	ILLUMINA	Illumina HiSeq 2500	Homo sapiens	9606
PRJEB33848	ERR4374047	1615227	WGS	METAGENOMIC	RANDOM	PAIRED	ILLUMINA	Illumina HiSeq 2500	Homo sapiens	9606
PRJEB33848	ERR4374588	1696886	WGS	METAGENOMIC	RANDOM	PAIRED	ILLUMINA	Illumina HiSeq 2500	Homo sapiens	9606
PRJEB33848	ERR4374589	1642879	WGS	METAGENOMIC	RANDOM	PAIRED	ILLUMINA	Illumina HiSeq 2500	Homo sapiens	9606
PRJEB33848	ERR4374839	9259693	WGS	METAGENOMIC	RANDOM	PAIRED	ILLUMINA	Illumina HiSeq 2500	Homo sapiens	9606
PRJEB33848	ERR4374858	1482762	WGS	METAGENOMIC	RANDOM	PAIRED	ILLUMINA	Illumina HiSeq 2500	Homo sapiens	9606
PRJEB33848	ERR4374864	2299985	WGS	METAGENOMIC	RANDOM	PAIRED	ILLUMINA	Illumina HiSeq 2500	Homo sapiens	9606
PRJEB33848	ERR4374868	2790558	WGS	METAGENOMIC	RANDOM	PAIRED	ILLUMINA	Illumina HiSeq 2500	Homo sapiens	9606
PRJEB33848	ERR4374869	1752726	WGS	METAGENOMIC	RANDOM	PAIRED	ILLUMINA	Illumina HiSeq 2500	Homo sapiens	9606
PRJEB33848	ERR4374912	1780424	WGS	METAGENOMIC	RANDOM	PAIRED	ILLUMINA	Illumina HiSeq 2500	Homo sapiens	9606
PRJEB33848	ERR4374917	1567470	WGS	METAGENOMIC	RANDOM	PAIRED	ILLUMINA	Illumina HiSeq 2500	Homo sapiens	9606
PRJEB33848	ERR4374918	1555905	WGS	METAGENOMIC	RANDOM	PAIRED	ILLUMINA	Illumina HiSeq 2500	Homo sapiens	9606
PRJEB33848	ERR4374925	1450127	WGS	METAGENOMIC	RANDOM	PAIRED	ILLUMINA	Illumina HiSeq 2500	Homo sapiens	9606
PRJEB33848	ERR4374926	1638723	WGS	METAGENOMIC	RANDOM	PAIRED	ILLUMINA	Illumina HiSeq 2500	Homo sapiens	9606
PRJEB33848	ERR4374927	1547333	WGS	METAGENOMIC	RANDOM	PAIRED	ILLUMINA	Illumina HiSeq 2500	Homo sapiens	9606
PRJEB33848	ERR4374963	1749506	WGS	METAGENOMIC	RANDOM	PAIRED	ILLUMINA	Illumina HiSeq 2500	Homo sapiens	9606
PRJEB33848	ERR4375010	1897513	WGS	METAGENOMIC	RANDOM	PAIRED	ILLUMINA	Illumina HiSeq 2500	Homo sapiens	9606
PRJEB33848	ERR4375039	1618309	WGS	METAGENOMIC	RANDOM	PAIRED	ILLUMINA	Illumina HiSeq 2500	Homo sapiens	9606
PRJEB33848	ERR4375040	1690163	WGS	METAGENOMIC	RANDOM	PAIRED	ILLUMINA	Illumina HiSeq 2500	Homo sapiens	9606
PRJEB33848	ERR4375042	1464854	WGS	METAGENOMIC	RANDOM	PAIRED	ILLUMINA	Illumina HiSeq 2500	Homo sapiens	9606
PRJEB33848	ERR4375046	1825041	WGS	METAGENOMIC	RANDOM	PAIRED	ILLUMINA	Illumina HiSeq 2500	Homo sapiens	9606
PRJEB33848	ERR4375133	1632750	WGS	METAGENOMIC	RANDOM	PAIRED	ILLUMINA	Illumina HiSeq 2500	Homo sapiens	9606
PRJEB33848	ERR4375134	1716570	WGS	METAGENOMIC	RANDOM	PAIRED	ILLUMINA	Illumina HiSeq 2500	Homo sapiens	9606
PRJEB33848	ERR4375141	1782693	WGS	METAGENOMIC	RANDOM	PAIRED	ILLUMINA	Illumina HiSeq 2500	Homo sapiens	9606
PRJEB33848	ERR4375142	1570976	WGS	METAGENOMIC	RANDOM	PAIRED	ILLUMINA	Illumina HiSeq 2500	Homo sapiens	9606
PRJEB33848	ERR4375144	22570691	WGS	METAGENOMIC	RANDOM	SINGLE	ILLUMINA	Illumina HiSeq 4000	Homo sapiens	9606
PRJEB33848	ERR4385809	12607106	WGS	METAGENOMIC	RANDOM	PAIRED	ILLUMINA	Illumina HiSeq 4000	Homo sapiens	9606
PRJEB33848	ERR4386569	72657115	WGS	METAGENOMIC	RANDOM	PAIRED	ILLUMINA	Illumina HiSeq 4000	Homo sapiens	9606
PRJEB33848	ERR4388107	2043769	WGS	METAGENOMIC	RANDOM	PAIRED	ILLUMINA	Illumina HiSeq 4000	Homo sapiens	9606
PRJEB33848	ERR4388236	85981168	WGS	METAGENOMIC	RANDOM	PAIRED	ILLUMINA	Illumina HiSeq 4000	Homo sapiens	9606
PRJEB33848	ERR4391166	123436450	WGS	METAGENOMIC	RANDOM	PAIRED	ILLUMINA	Illumina HiSeq 4000	Homo sapiens	9606
PRJEB33848	ERR4413529	241096498	WGS	METAGENOMIC	RANDOM	PAIRED	ILLUMINA	Illumina HiSeq 4000	Homo sapiens	9606
PRJEB45999	ERR6558478	24282362	WGS	METAGENOMIC	RANDOM	PAIRED	ILLUMINA	HiSeq X Ten	Homo sapiens	9606
PRJEB45999	ERR6558479	30940432	WGS	METAGENOMIC	RANDOM	PAIRED	ILLUMINA	HiSeq X Ten	Homo sapiens	9606
PRJEB45999	ERR6558483	11925474	WGS	METAGENOMIC	RANDOM	PAIRED	ILLUMINA	HiSeq X Ten	Homo sapiens	9606
PRJEB44723	ERR14161590	181898	WGS	METAGENOMIC	RANDOM	PAIRED	ILLUMINA	HiSeq X Ten	Homo sapiens	9606
PRJEB44723	ERR6221492	25165480	WGS	METAGENOMIC	RANDOM	PAIRED	ILLUMINA	Illumina HiSeq 2500	Homo sapiens	9606
PRJEB44723	ERR8202903	19435766	WGS	METAGENOMIC	RANDOM	PAIRED	ILLUMINA	Illumina HiSeq 2500	Homo sapiens	9606
PRJEB44723	ERR8202905	29094356	WGS	METAGENOMIC	RANDOM	PAIRED	ILLUMINA	Illumina HiSeq 4000	Homo sapiens	9606
PRJEB44723	ERR8202907	102822998	WGS	METAGENOMIC	RANDOM	PAIRED	ILLUMINA	Illumina HiSeq 4000	Homo sapiens	9606
PRJEB44723	ERR8202908	53000744	WGS	METAGENOMIC	RANDOM	PAIRED	ILLUMINA	Illumina HiSeq 4000	Homo sapiens	9606
PRJEB44723	ERR8202911	21409856	WGS	METAGENOMIC	RANDOM	PAIRED	ILLUMINA	Illumina HiSeq 4000	Homo sapiens	9606
PRJEB44723	ERR8202912	19558916	WGS	METAGENOMIC	RANDOM	PAIRED	ILLUMINA	Illumina HiSeq 4000	Homo sapiens	9606
PRJEB43389	ERR5670954	25386652	WGS	METAGENOMIC	RANDOM	PAIRED	ILLUMINA	Illumina HiSeq 4000	Homo sapiens	9606
PRJEB43389	ERR5670958	23463618	WGS	METAGENOMIC	RANDOM	PAIRED	ILLUMINA	Illumina HiSeq 4000	Homo sapiens	9606
PRJEB43389	ERR5670964	44696102	WGS	METAGENOMIC	RANDOM	PAIRED	ILLUMINA	Illumina HiSeq 4000	Homo sapiens	9606
PRJEB43389	ERR5670966	47752750	WGS	METAGENOMIC	RANDOM	PAIRED	ILLUMINA	Illumina HiSeq 4000	Homo sapiens	9606
PRJEB43389	ERR5670968	1669398	WGS	METAGENOMIC	RANDOM	PAIRED	ILLUMINA	Illumina HiSeq 4000	Homo sapiens	9606
PRJEB43389	ERR5670971	64292942	WGS	METAGENOMIC	RANDOM	PAIRED	ILLUMINA	Illumina HiSeq 4000	Homo sapiens	9606
PRJEB43389	ERR5670972	406988	WGS	METAGENOMIC	RANDOM	PAIRED	ILLUMINA	Illumina HiSeq 4000	Homo sapiens	9606
PRJEB34569	ERR3579689	18201330	WGS	METAGENOMIC	RANDOM	PAIRED	ILLUMINA	Illumina HiSeq 4000	Homo sapiens	9606
PRJEB34569	ERR3579697	28658666	WGS	METAGENOMIC	RANDOM	PAIRED	ILLUMINA	Illumina HiSeq 4000	Homo sapiens	9606
PRJEB34569	ERR3579698	15510313	WGS	METAGENOMIC	RANDOM	PAIRED	ILLUMINA	Illumina HiSeq 4000	Homo sapiens	9606
PRJEB43389	ERR5670955	31974918	WGS	METAGENOMIC	RANDOM	PAIRED	ILLUMINA	Illumina HiSeq 4000	Homo sapiens	9606
PRJEB43389	ERR5670956	27391158	WGS	METAGENOMIC	RANDOM	PAIRED	ILLUMINA	Illumina HiSeq 4000	Homo sapiens	9606
PRJEB43389	ERR5670957	14036010	WGS	METAGENOMIC	RANDOM	PAIRED	ILLUMINA	Illumina HiSeq 4000	Homo sapiens	9606
PRJEB43389	ERR5670960	23326404	WGS	METAGENOMIC	RANDOM	PAIRED	ILLUMINA	Illumina HiSeq 4000	Homo sapiens	9606
PRJEB43389	ERR5670963	42717054	WGS	METAGENOMIC	RANDOM	PAIRED	ILLUMINA	Illumina HiSeq 4000	Homo sapiens	9606
PRJEB43389	ERR5670967	40133430	WGS	METAGENOMIC	RANDOM	PAIRED	ILLUMINA	Illumina HiSeq 4000	Homo sapiens	9606
PRJEB43389	ERR5670969	21344616	WGS	METAGENOMIC	RANDOM	PAIRED	ILLUMINA	Illumina HiSeq 4000	Homo sapiens	9606
PRJEB34569	ERR3579690	12677550	WGS	METAGENOMIC	RANDOM	PAIRED	ILLUMINA	Illumina HiSeq 4000	Homo sapiens	9606
PRJEB34569	ERR3579691	14923341	WGS	METAGENOMIC	RANDOM	PAIRED	ILLUMINA	Illumina HiSeq 4000	Homo sapiens	9606
PRJEB34569	ERR3579692	15506926	WGS	METAGENOMIC	RANDOM	PAIRED	ILLUMINA	Illumina HiSeq 4000	Homo sapiens	9606
PRJEB34569	ERR3579693	13080903	WGS	METAGENOMIC	RANDOM	PAIRED	ILLUMINA	Illumina HiSeq 4000	Homo sapiens	9606
PRJEB34569	ERR3579694	14926337	WGS	METAGENOMIC	RANDOM	PAIRED	ILLUMINA	Illumina HiSeq 4000	Homo sapiens	9606
PRJEB34569	ERR3579695	15292032	WGS	METAGENOMIC	RANDOM	PAIRED	ILLUMINA	Illumina HiSeq 4000	Homo sapiens	9606
PRJEB34569	ERR3579696	21562225	WGS	METAGENOMIC	RANDOM	PAIRED	ILLUMINA	Illumina HiSeq 4000	Homo sapiens	9606
PRJEB43389	ERR5670952	23558668	WGS	METAGENOMIC	RANDOM	PAIRED	ILLUMINA	Illumina HiSeq 4000	Homo sapiens	9606
PRJEB43389	ERR5670953	37721052	WGS	METAGENOMIC	RANDOM	PAIRED	ILLUMINA	Illumina HiSeq 4000	Homo sapiens	9606
PRJEB43389	ERR5670959	30941550	WGS	METAGENOMIC	RANDOM	PAIRED	ILLUMINA	Illumina HiSeq 4000	Homo sapiens	9606
PRJEB43389	ERR5670961	38266054	WGS	METAGENOMIC	RANDOM	PAIRED	ILLUMINA	Illumina HiSeq 4000	Homo sapiens	9606
PRJEB43389	ERR5670962	26357270	WGS	METAGENOMIC	RANDOM	PAIRED	ILLUMINA	Illumina HiSeq 4000	Homo sapiens	9606
PRJEB43389	ERR5670965	43940962	WGS	METAGENOMIC	RANDOM	PAIRED	ILLUMINA	Illumina HiSeq 4000	Homo sapiens	9606
PRJEB43389	ERR5670970	26595426	WGS	METAGENOMIC	RANDOM	PAIRED	ILLUMINA	Illumina HiSeq 4000	Homo sapiens	9606
