BioProject,Run,spots,spots_with_mates,SeqType,SequencingMachine,ScientificName,LibraryStrategy
PRJEB88970,ERR14951228,4268667,0,single,Illumina HiSeq 4000,Homo sapiens,WGS/RANDOM
PRJEB88970,ERR14951254,5612317,0,single,Illumina HiSeq 4000,Homo sapiens,WGS/RANDOM
PRJEB88970,ERR14951243,5902982,0,single,Illumina HiSeq 4000,Homo sapiens,WGS/RANDOM
PRJEB88970,ERR14951250,5958251,0,single,Illumina HiSeq 4000,Homo sapiens,WGS/RANDOM
PRJEB88970,ERR14951261,7016102,0,single,Illumina HiSeq 4000,Homo sapiens,WGS/RANDOM
PRJEB88970,ERR14951265,6883629,0,single,Illumina HiSeq 4000,Homo sapiens,WGS/RANDOM
PRJEB88970,ERR14951274,7291979,0,single,Illumina HiSeq 4000,Homo sapiens,WGS/RANDOM
PRJEB88970,ERR14951230,5676618,0,single,Illumina HiSeq 4000,Homo sapiens,WGS/RANDOM
PRJEB88970,ERR14951241,5481360,0,single,Illumina HiSeq 4000,Homo sapiens,WGS/RANDOM
PRJEB88970,ERR14951256,5385348,0,single,Illumina HiSeq 4000,Homo sapiens,WGS/RANDOM
PRJEB88970,ERR14951269,6576493,0,single,Illumina HiSeq 4000,Homo sapiens,WGS/RANDOM
PRJEB88970,ERR14951272,6762838,0,single,Illumina HiSeq 4000,Homo sapiens,WGS/RANDOM
PRJEB88970,ERR14951234,5489603,0,single,Illumina HiSeq 4000,Homo sapiens,WGS/RANDOM
PRJEB88970,ERR14951237,6031670,0,single,Illumina HiSeq 4000,Homo sapiens,WGS/RANDOM
PRJEB88970,ERR14951240,4877952,0,single,Illumina HiSeq 4000,Homo sapiens,WGS/RANDOM
PRJEB88970,ERR14951245,6101905,0,single,Illumina HiSeq 4000,Homo sapiens,WGS/RANDOM
PRJEB88970,ERR14951258,7153186,0,single,Illumina HiSeq 4000,Homo sapiens,WGS/RANDOM
PRJEB88970,ERR14951229,5498545,0,single,Illumina HiSeq 4000,Homo sapiens,WGS/RANDOM
PRJEB88970,ERR14951232,6051273,0,single,Illumina HiSeq 4000,Homo sapiens,WGS/RANDOM
PRJEB88970,ERR14951252,5226795,0,single,Illumina HiSeq 4000,Homo sapiens,WGS/RANDOM
PRJEB88970,ERR14951263,5250929,0,single,Illumina HiSeq 4000,Homo sapiens,WGS/RANDOM
PRJEB88970,ERR14951270,6413321,0,single,Illumina HiSeq 4000,Homo sapiens,WGS/RANDOM
PRJEB88970,ERR14951247,5803281,0,single,Illumina HiSeq 4000,Homo sapiens,WGS/RANDOM
PRJEB88970,ERR14951267,6498661,0,single,Illumina HiSeq 4000,Homo sapiens,WGS/RANDOM
PRJEB59976,ERR12343406,28893992,0,single,NextSeq 500,Homo sapiens,WGS/RANDOM
PRJEB59976,ERR12343412,27371701,0,single,NextSeq 500,Homo sapiens,WGS/RANDOM
PRJEB59976,ERR12343526,186293,0,single,NextSeq 500,Homo sapiens,WGS/RANDOM
PRJEB59976,ERR12343599,1107716,0,single,NextSeq 500,Homo sapiens,WGS/RANDOM
PRJEB59976,ERR12343634,639323,0,single,NextSeq 500,Homo sapiens,WGS/RANDOM
PRJEB59976,ERR12343400,46135898,0,single,NextSeq 500,Homo sapiens,WGS/RANDOM
PRJEB59976,ERR12343421,4764771,0,single,NextSeq 500,Homo sapiens,WGS/RANDOM
PRJEB59976,ERR12343488,199821,0,single,NextSeq 500,Homo sapiens,WGS/RANDOM
PRJEB59976,ERR12343546,2910787,0,single,NextSeq 500,Homo sapiens,WGS/RANDOM
PRJEB59976,ERR12343607,1051537,0,single,NextSeq 500,Homo sapiens,WGS/RANDOM
PRJEB59976,ERR12343373,4707264,0,single,NextSeq 500,Homo sapiens,WGS/RANDOM
PRJEB59976,ERR12343411,34062774,0,single,NextSeq 500,Homo sapiens,WGS/RANDOM
PRJEB59976,ERR12343486,47816694,0,single,NextSeq 500,Homo sapiens,WGS/RANDOM
PRJEB59976,ERR12343595,469040,0,single,NextSeq 500,Homo sapiens,WGS/RANDOM
PRJEB59976,ERR12343391,50995195,0,single,NextSeq 500,Homo sapiens,WGS/RANDOM
PRJEB59976,ERR12343419,196440,0,single,NextSeq 500,Homo sapiens,WGS/RANDOM
PRJEB59976,ERR12343487,16235040,0,single,NextSeq 500,Homo sapiens,WGS/RANDOM
PRJEB59976,ERR12343548,114894,0,single,NextSeq 500,Homo sapiens,WGS/RANDOM
PRJEB59976,ERR12343418,1939207,0,single,NextSeq 500,Homo sapiens,WGS/RANDOM
PRJEB59976,ERR12343558,58996534,0,single,NextSeq 500,Homo sapiens,WGS/RANDOM
PRJEB59976,ERR12343614,32839523,0,single,NextSeq 500,Homo sapiens,WGS/RANDOM
PRJEB59976,ERR12343633,230675,0,single,NextSeq 500,Homo sapiens,WGS/RANDOM
PRJEB59976,ERR12343374,253318,0,single,NextSeq 500,Homo sapiens,WGS/RANDOM
PRJEB59976,ERR12343422,24472697,0,single,NextSeq 500,Homo sapiens,WGS/RANDOM
PRJEB59976,ERR12343561,6293259,0,single,NextSeq 500,Homo sapiens,WGS/RANDOM
PRJEB59976,ERR12343409,6966225,0,single,NextSeq 500,Homo sapiens,WGS/RANDOM
PRJEB59976,ERR12343535,2887653,0,single,NextSeq 500,Homo sapiens,WGS/RANDOM
PRJEB59976,ERR12343541,27577485,0,single,NextSeq 500,Homo sapiens,WGS/RANDOM
PRJEB59976,ERR12343597,33919598,0,single,NextSeq 500,Homo sapiens,WGS/RANDOM
PRJEB59976,ERR12343640,450776,0,single,NextSeq 500,Homo sapiens,WGS/RANDOM
PRJEB59976,ERR12343495,4321151,0,single,NextSeq 500,Homo sapiens,WGS/RANDOM
PRJEB59976,ERR12343504,37313757,0,single,NextSeq 500,Homo sapiens,WGS/RANDOM
PRJEB59976,ERR12343544,668053,0,single,NextSeq 500,Homo sapiens,WGS/RANDOM
PRJEB59976,ERR12343602,27766307,0,single,NextSeq 500,Homo sapiens,WGS/RANDOM
PRJEB59976,ERR12343620,33144072,0,single,NextSeq 500,Homo sapiens,WGS/RANDOM
PRJEB59976,ERR12343420,2644924,0,single,NextSeq 500,Homo sapiens,WGS/RANDOM
PRJEB59976,ERR12343435,34468858,0,single,NextSeq 500,Homo sapiens,WGS/RANDOM
PRJEB59976,ERR12343502,18193376,0,single,NextSeq 500,Homo sapiens,WGS/RANDOM
PRJEB59976,ERR12343610,6152072,0,single,NextSeq 500,Homo sapiens,WGS/RANDOM
PRJEB59976,ERR12343624,459560,0,single,NextSeq 500,Homo sapiens,WGS/RANDOM
PRJEB59976,ERR12343427,12748985,0,single,NextSeq 500,Homo sapiens,WGS/RANDOM
PRJEB59976,ERR12343444,1285704,0,single,NextSeq 500,Homo sapiens,WGS/RANDOM
PRJEB59976,ERR12343490,539513,0,single,NextSeq 500,Homo sapiens,WGS/RANDOM
PRJEB59976,ERR12343510,19563825,0,single,NextSeq 500,Homo sapiens,WGS/RANDOM
PRJEB59976,ERR12343592,102935,0,single,NextSeq 500,Homo sapiens,WGS/RANDOM
PRJEB59976,ERR12343397,36726110,0,single,NextSeq 500,Homo sapiens,WGS/RANDOM
PRJEB59976,ERR12343480,36309260,0,single,NextSeq 500,Homo sapiens,WGS/RANDOM
PRJEB59976,ERR12343530,5545257,0,single,NextSeq 500,Homo sapiens,WGS/RANDOM
PRJEB59976,ERR12343560,208949,0,single,NextSeq 500,Homo sapiens,WGS/RANDOM
PRJEB59976,ERR12343615,774363,0,single,NextSeq 500,Homo sapiens,WGS/RANDOM
PRJEB59976,ERR12343389,26513218,0,single,NextSeq 500,Homo sapiens,WGS/RANDOM
PRJEB59976,ERR12343507,253205,0,single,NextSeq 500,Homo sapiens,WGS/RANDOM
PRJEB59976,ERR12343519,3447610,0,single,NextSeq 500,Homo sapiens,WGS/RANDOM
PRJEB59976,ERR12343568,5708484,0,single,NextSeq 500,Homo sapiens,WGS/RANDOM
PRJEB59976,ERR12343626,30483175,0,single,NextSeq 500,Homo sapiens,WGS/RANDOM
PRJEB59976,ERR12343428,1239527,0,single,NextSeq 500,Homo sapiens,WGS/RANDOM
PRJEB59976,ERR12343478,30393172,0,single,NextSeq 500,Homo sapiens,WGS/RANDOM
PRJEB59976,ERR12343528,3520902,0,single,NextSeq 500,Homo sapiens,WGS/RANDOM
PRJEB59976,ERR12343552,2384364,0,single,NextSeq 500,Homo sapiens,WGS/RANDOM
PRJEB59976,ERR12343555,5552597,0,single,NextSeq 500,Homo sapiens,WGS/RANDOM
PRJEB59976,ERR12343384,18414246,0,single,NextSeq 500,Homo sapiens,WGS/RANDOM
PRJEB59976,ERR12343497,1391033,0,single,NextSeq 500,Homo sapiens,WGS/RANDOM
PRJEB59976,ERR12343567,417802,0,single,NextSeq 500,Homo sapiens,WGS/RANDOM
PRJEB59976,ERR12343616,29011901,0,single,NextSeq 500,Homo sapiens,WGS/RANDOM
PRJEB59976,ERR12343396,6420784,0,single,NextSeq 500,Homo sapiens,WGS/RANDOM
PRJEB59976,ERR12343413,5438693,0,single,NextSeq 500,Homo sapiens,WGS/RANDOM
PRJEB59976,ERR12343482,282436,0,single,NextSeq 500,Homo sapiens,WGS/RANDOM
PRJEB59976,ERR12343609,5800603,0,single,NextSeq 500,Homo sapiens,WGS/RANDOM
PRJEB59976,ERR12343375,2913611,0,single,NextSeq 500,Homo sapiens,WGS/RANDOM
PRJEB59976,ERR12343402,5411868,0,single,NextSeq 500,Homo sapiens,WGS/RANDOM
PRJEB59976,ERR12343443,4643375,0,single,NextSeq 500,Homo sapiens,WGS/RANDOM
PRJEB59976,ERR12343527,242074,0,single,NextSeq 500,Homo sapiens,WGS/RANDOM
PRJEB59976,ERR12343565,402028,0,single,NextSeq 500,Homo sapiens,WGS/RANDOM
PRJEB59976,ERR12343414,6627772,0,single,NextSeq 500,Homo sapiens,WGS/RANDOM
PRJEB59976,ERR12343500,24353647,0,single,NextSeq 500,Homo sapiens,WGS/RANDOM
PRJEB59976,ERR12343543,30422901,0,single,NextSeq 500,Homo sapiens,WGS/RANDOM
PRJEB59976,ERR12343604,4264343,0,single,NextSeq 500,Homo sapiens,WGS/RANDOM
PRJEB59976,ERR12343635,23458681,0,single,NextSeq 500,Homo sapiens,WGS/RANDOM
PRJEB59976,ERR12343440,235144,0,single,NextSeq 500,Homo sapiens,WGS/RANDOM
PRJEB59976,ERR12343556,29057967,0,single,NextSeq 500,Homo sapiens,WGS/RANDOM
PRJEB59976,ERR12343621,55485329,0,single,NextSeq 500,Homo sapiens,WGS/RANDOM
PRJEB59976,ERR12343639,5699206,0,single,NextSeq 500,Homo sapiens,WGS/RANDOM
PRJEB59976,ERR12343645,12490675,0,single,NextSeq 500,Homo sapiens,WGS/RANDOM
PRJEB59976,ERR12343466,162449,0,single,NextSeq 500,Homo sapiens,WGS/RANDOM
PRJEB59976,ERR12343586,7398580,0,single,NextSeq 500,Homo sapiens,WGS/RANDOM
PRJEB59976,ERR12343508,3790250,0,single,NextSeq 500,Homo sapiens,WGS/RANDOM
PRJEB59976,ERR12343523,24868967,0,single,NextSeq 500,Homo sapiens,WGS/RANDOM
PRJEB59976,ERR12343553,6164325,0,single,NextSeq 500,Homo sapiens,WGS/RANDOM
PRJEB59976,ERR12343570,21844021,0,single,NextSeq 500,Homo sapiens,WGS/RANDOM
PRJEB59976,ERR12343577,6494143,0,single,NextSeq 500,Homo sapiens,WGS/RANDOM
PRJEB59976,ERR12343475,19335525,0,single,NextSeq 500,Homo sapiens,WGS/RANDOM
PRJEB59976,ERR12343499,17068683,0,single,NextSeq 500,Homo sapiens,WGS/RANDOM
PRJEB59976,ERR12343573,282724,0,single,NextSeq 500,Homo sapiens,WGS/RANDOM
PRJEB59976,ERR12343623,283647,0,single,NextSeq 500,Homo sapiens,WGS/RANDOM
PRJEB59976,ERR12343629,233025,0,single,NextSeq 500,Homo sapiens,WGS/RANDOM
PRJEB59976,ERR12343403,26746727,0,single,NextSeq 500,Homo sapiens,WGS/RANDOM
PRJEB59976,ERR12343447,3147587,0,single,NextSeq 500,Homo sapiens,WGS/RANDOM
PRJEB59976,ERR12343453,21814468,0,single,NextSeq 500,Homo sapiens,WGS/RANDOM
PRJEB59976,ERR12343498,3475113,0,single,NextSeq 500,Homo sapiens,WGS/RANDOM
PRJEB59976,ERR12343641,14416343,0,single,NextSeq 500,Homo sapiens,WGS/RANDOM
PRJEB59976,ERR12343465,4110163,0,single,NextSeq 500,Homo sapiens,WGS/RANDOM
PRJEB59976,ERR12343492,4248940,0,single,NextSeq 500,Homo sapiens,WGS/RANDOM
PRJEB59976,ERR12343514,620928,0,single,NextSeq 500,Homo sapiens,WGS/RANDOM
PRJEB59976,ERR12343574,22840919,0,single,NextSeq 500,Homo sapiens,WGS/RANDOM
PRJEB59976,ERR12343581,1821699,0,single,NextSeq 500,Homo sapiens,WGS/RANDOM
PRJEB59976,ERR12343376,1317174,0,single,NextSeq 500,Homo sapiens,WGS/RANDOM
PRJEB59976,ERR12343473,18077892,0,single,NextSeq 500,Homo sapiens,WGS/RANDOM
PRJEB59976,ERR12343539,24071575,0,single,NextSeq 500,Homo sapiens,WGS/RANDOM
PRJEB59976,ERR12343576,33019183,0,single,NextSeq 500,Homo sapiens,WGS/RANDOM
PRJEB59976,ERR12343584,1187445,0,single,NextSeq 500,Homo sapiens,WGS/RANDOM
PRJEB59976,ERR12343424,26510796,0,single,NextSeq 500,Homo sapiens,WGS/RANDOM
PRJEB59976,ERR12343468,289799,0,single,NextSeq 500,Homo sapiens,WGS/RANDOM
PRJEB59976,ERR12343491,2104108,0,single,NextSeq 500,Homo sapiens,WGS/RANDOM
PRJEB59976,ERR12343501,18943787,0,single,NextSeq 500,Homo sapiens,WGS/RANDOM
PRJEB59976,ERR12343551,28182484,0,single,NextSeq 500,Homo sapiens,WGS/RANDOM
PRJEB59976,ERR12343387,363325,0,single,NextSeq 500,Homo sapiens,WGS/RANDOM
PRJEB59976,ERR12343415,4414743,0,single,NextSeq 500,Homo sapiens,WGS/RANDOM
PRJEB59976,ERR12343462,72015459,0,single,NextSeq 500,Homo sapiens,WGS/RANDOM
PRJEB59976,ERR12343516,17969509,0,single,NextSeq 500,Homo sapiens,WGS/RANDOM
PRJEB59976,ERR12343591,13993297,0,single,NextSeq 500,Homo sapiens,WGS/RANDOM
PRJEB59976,ERR12343381,425967,0,single,NextSeq 500,Homo sapiens,WGS/RANDOM
PRJEB59976,ERR12343450,4773814,0,single,NextSeq 500,Homo sapiens,WGS/RANDOM
PRJEB59976,ERR12343472,24934462,0,single,NextSeq 500,Homo sapiens,WGS/RANDOM
PRJEB59976,ERR12343518,274649,0,single,NextSeq 500,Homo sapiens,WGS/RANDOM
PRJEB59976,ERR12343596,7552639,0,single,NextSeq 500,Homo sapiens,WGS/RANDOM
PRJEB59976,ERR12343512,2019067,0,single,NextSeq 500,Homo sapiens,WGS/RANDOM
PRJEB59976,ERR12343600,891514,0,single,NextSeq 500,Homo sapiens,WGS/RANDOM
PRJEB59976,ERR12343605,6783719,0,single,NextSeq 500,Homo sapiens,WGS/RANDOM
PRJEB59976,ERR12343622,1413574,0,single,NextSeq 500,Homo sapiens,WGS/RANDOM
PRJEB59976,ERR12343646,171270,0,single,NextSeq 500,Homo sapiens,WGS/RANDOM
PRJEB59976,ERR12343454,297949,0,single,NextSeq 500,Homo sapiens,WGS/RANDOM
PRJEB59976,ERR12343455,231142,0,single,NextSeq 500,Homo sapiens,WGS/RANDOM
PRJEB59976,ERR12343459,23774400,0,single,NextSeq 500,Homo sapiens,WGS/RANDOM
PRJEB59976,ERR12343436,695366,0,single,NextSeq 500,Homo sapiens,WGS/RANDOM
PRJEB59976,ERR12343515,2344102,0,single,NextSeq 500,Homo sapiens,WGS/RANDOM
PRJEB59976,ERR12343603,32607212,0,single,NextSeq 500,Homo sapiens,WGS/RANDOM
PRJEB59976,ERR12343612,5865036,0,single,NextSeq 500,Homo sapiens,WGS/RANDOM
PRJEB59976,ERR12343630,733240,0,single,NextSeq 500,Homo sapiens,WGS/RANDOM
PRJEB59976,ERR12343393,2517704,0,single,NextSeq 500,Homo sapiens,WGS/RANDOM
PRJEB59976,ERR12343460,324878,0,single,NextSeq 500,Homo sapiens,WGS/RANDOM
PRJEB59976,ERR12343485,119842,0,single,NextSeq 500,Homo sapiens,WGS/RANDOM
PRJEB59976,ERR12343532,624337,0,single,NextSeq 500,Homo sapiens,WGS/RANDOM
PRJEB59976,ERR12343439,759017,0,single,NextSeq 500,Homo sapiens,WGS/RANDOM
PRJEB59976,ERR12343477,864368,0,single,NextSeq 500,Homo sapiens,WGS/RANDOM
PRJEB59976,ERR12343542,105648,0,single,NextSeq 500,Homo sapiens,WGS/RANDOM
PRJEB59976,ERR12343582,93025313,0,single,NextSeq 500,Homo sapiens,WGS/RANDOM
PRJEB59976,ERR12343642,158479,0,single,NextSeq 500,Homo sapiens,WGS/RANDOM
PRJEB59976,ERR12343416,436319,0,single,NextSeq 500,Homo sapiens,WGS/RANDOM
PRJEB59976,ERR12343451,37077102,0,single,NextSeq 500,Homo sapiens,WGS/RANDOM
PRJEB59976,ERR12343524,3685623,0,single,NextSeq 500,Homo sapiens,WGS/RANDOM
PRJEB59976,ERR12343456,1479142,0,single,NextSeq 500,Homo sapiens,WGS/RANDOM
PRJEB59976,ERR12343481,22586108,0,single,NextSeq 500,Homo sapiens,WGS/RANDOM
PRJEB59976,ERR12343549,6850674,0,single,NextSeq 500,Homo sapiens,WGS/RANDOM
PRJEB59976,ERR12343583,30252835,0,single,NextSeq 500,Homo sapiens,WGS/RANDOM
PRJEB59976,ERR12343445,2414969,0,single,NextSeq 500,Homo sapiens,WGS/RANDOM
PRJEB59976,ERR12343458,181387,0,single,NextSeq 500,Homo sapiens,WGS/RANDOM
PRJEB59976,ERR12343471,6833481,0,single,NextSeq 500,Homo sapiens,WGS/RANDOM
PRJEB59976,ERR12343571,1435562,0,single,NextSeq 500,Homo sapiens,WGS/RANDOM
PRJEB59976,ERR12343578,6282339,0,single,NextSeq 500,Homo sapiens,WGS/RANDOM
PRJEB59976,ERR12343410,720025,0,single,NextSeq 500,Homo sapiens,WGS/RANDOM
PRJEB59976,ERR12343437,15475380,0,single,NextSeq 500,Homo sapiens,WGS/RANDOM
PRJEB59976,ERR12343505,2924133,0,single,NextSeq 500,Homo sapiens,WGS/RANDOM
PRJEB59976,ERR12343569,6771167,0,single,NextSeq 500,Homo sapiens,WGS/RANDOM
PRJEB59976,ERR12343399,198830,0,single,NextSeq 500,Homo sapiens,WGS/RANDOM
PRJEB59976,ERR12343430,29539041,0,single,NextSeq 500,Homo sapiens,WGS/RANDOM
PRJEB59976,ERR12343564,6205197,0,single,NextSeq 500,Homo sapiens,WGS/RANDOM
PRJEB59976,ERR12343631,430399,0,single,NextSeq 500,Homo sapiens,WGS/RANDOM
PRJEB59976,ERR12343380,2885238,0,single,NextSeq 500,Homo sapiens,WGS/RANDOM
PRJEB59976,ERR12343425,21494223,0,single,NextSeq 500,Homo sapiens,WGS/RANDOM
PRJEB59976,ERR12343483,2583217,0,single,NextSeq 500,Homo sapiens,WGS/RANDOM
PRJEB59976,ERR12343628,165876,0,single,NextSeq 500,Homo sapiens,WGS/RANDOM
PRJEB59976,ERR12343644,10902463,0,single,NextSeq 500,Homo sapiens,WGS/RANDOM
PRJEB59976,ERR12343385,306709,0,single,NextSeq 500,Homo sapiens,WGS/RANDOM
PRJEB59976,ERR12343457,29528999,0,single,NextSeq 500,Homo sapiens,WGS/RANDOM
PRJEB59976,ERR12343545,2567418,0,single,NextSeq 500,Homo sapiens,WGS/RANDOM
PRJEB59976,ERR12343608,33315801,0,single,NextSeq 500,Homo sapiens,WGS/RANDOM
PRJEB59976,ERR12343619,30882794,0,single,NextSeq 500,Homo sapiens,WGS/RANDOM
PRJEB59976,ERR12343417,579876,0,single,NextSeq 500,Homo sapiens,WGS/RANDOM
PRJEB59976,ERR12343509,3946863,0,single,NextSeq 500,Homo sapiens,WGS/RANDOM
PRJEB59976,ERR12343534,30530810,0,single,NextSeq 500,Homo sapiens,WGS/RANDOM
PRJEB59976,ERR12343588,223401,0,single,NextSeq 500,Homo sapiens,WGS/RANDOM
PRJEB59976,ERR12343566,2012073,0,single,NextSeq 500,Homo sapiens,WGS/RANDOM
PRJEB59976,ERR12343632,584959,0,single,NextSeq 500,Homo sapiens,WGS/RANDOM
PRJEB59976,ERR12343643,590676,0,single,NextSeq 500,Homo sapiens,WGS/RANDOM
PRJEB59976,ERR12343441,49664858,0,single,NextSeq 500,Homo sapiens,WGS/RANDOM
PRJEB59976,ERR12343448,295624,0,single,NextSeq 500,Homo sapiens,WGS/RANDOM
PRJEB59976,ERR12343476,982315,0,single,NextSeq 500,Homo sapiens,WGS/RANDOM
PRJEB59976,ERR12343494,616770,0,single,NextSeq 500,Homo sapiens,WGS/RANDOM
PRJEB59976,ERR12343531,6327669,0,single,NextSeq 500,Homo sapiens,WGS/RANDOM
PRJEB59976,ERR12343426,3372321,0,single,NextSeq 500,Homo sapiens,WGS/RANDOM
PRJEB59976,ERR12343479,16189975,0,single,NextSeq 500,Homo sapiens,WGS/RANDOM
PRJEB59976,ERR12343489,501811,0,single,NextSeq 500,Homo sapiens,WGS/RANDOM
PRJEB59976,ERR12343521,35611388,0,single,NextSeq 500,Homo sapiens,WGS/RANDOM
PRJEB59976,ERR12343587,3474043,0,single,NextSeq 500,Homo sapiens,WGS/RANDOM
PRJEB59976,ERR12343394,4931209,0,single,NextSeq 500,Homo sapiens,WGS/RANDOM
PRJEB59976,ERR12343395,79608949,0,single,NextSeq 500,Homo sapiens,WGS/RANDOM
PRJEB59976,ERR12343469,2537496,0,single,NextSeq 500,Homo sapiens,WGS/RANDOM
PRJEB59976,ERR12343522,1193119,0,single,NextSeq 500,Homo sapiens,WGS/RANDOM
PRJEB59976,ERR12343580,25005312,0,single,NextSeq 500,Homo sapiens,WGS/RANDOM
PRJEB59976,ERR12343446,790544,0,single,NextSeq 500,Homo sapiens,WGS/RANDOM
PRJEB59976,ERR12343467,2639547,0,single,NextSeq 500,Homo sapiens,WGS/RANDOM
PRJEB59976,ERR12343533,2697268,0,single,NextSeq 500,Homo sapiens,WGS/RANDOM
PRJEB59976,ERR12343572,21584403,0,single,NextSeq 500,Homo sapiens,WGS/RANDOM
PRJEB59976,ERR12343625,199143,0,single,NextSeq 500,Homo sapiens,WGS/RANDOM
PRJEB59976,ERR12343404,28804012,0,single,NextSeq 500,Homo sapiens,WGS/RANDOM
PRJEB59976,ERR12343423,27340837,0,single,NextSeq 500,Homo sapiens,WGS/RANDOM
PRJEB59976,ERR12343559,888644,0,single,NextSeq 500,Homo sapiens,WGS/RANDOM
PRJEB59976,ERR12343618,385471,0,single,NextSeq 500,Homo sapiens,WGS/RANDOM
PRJEB59976,ERR12343636,162484,0,single,NextSeq 500,Homo sapiens,WGS/RANDOM
PRJEB59976,ERR12343382,380955710,0,single,NextSeq 500,Homo sapiens,WGS/RANDOM
PRJEB59976,ERR12343429,304699,0,single,NextSeq 500,Homo sapiens,WGS/RANDOM
PRJEB59976,ERR12343461,28066604,0,single,NextSeq 500,Homo sapiens,WGS/RANDOM
PRJEB59976,ERR12343594,30554704,0,single,NextSeq 500,Homo sapiens,WGS/RANDOM
PRJEB59976,ERR12343398,5243367,0,single,NextSeq 500,Homo sapiens,WGS/RANDOM
PRJEB59976,ERR12343442,4640015,0,single,NextSeq 500,Homo sapiens,WGS/RANDOM
PRJEB59976,ERR12343513,262123,0,single,NextSeq 500,Homo sapiens,WGS/RANDOM
PRJEB59976,ERR12343557,2931006,0,single,NextSeq 500,Homo sapiens,WGS/RANDOM
PRJEB59976,ERR12343449,824161,0,single,NextSeq 500,Homo sapiens,WGS/RANDOM
PRJEB59976,ERR12343503,209603,0,single,NextSeq 500,Homo sapiens,WGS/RANDOM
PRJEB59976,ERR12343554,3711989,0,single,NextSeq 500,Homo sapiens,WGS/RANDOM
PRJEB59976,ERR12343589,6591426,0,single,NextSeq 500,Homo sapiens,WGS/RANDOM
PRJEB59976,ERR12343383,29730672,0,single,NextSeq 500,Homo sapiens,WGS/RANDOM
PRJEB59976,ERR12343388,39016356,0,single,NextSeq 500,Homo sapiens,WGS/RANDOM
PRJEB59976,ERR12343520,2710341,0,single,NextSeq 500,Homo sapiens,WGS/RANDOM
PRJEB59976,ERR12343579,184281,0,single,NextSeq 500,Homo sapiens,WGS/RANDOM
PRJEB59976,ERR12343611,32021486,0,single,NextSeq 500,Homo sapiens,WGS/RANDOM
PRJEB59976,ERR12343378,1049103,0,single,NextSeq 500,Homo sapiens,WGS/RANDOM
PRJEB59976,ERR12343379,16187658,0,single,NextSeq 500,Homo sapiens,WGS/RANDOM
PRJEB59976,ERR12343562,1328468,0,single,NextSeq 500,Homo sapiens,WGS/RANDOM
PRJEB59976,ERR12343617,1402409,0,single,NextSeq 500,Homo sapiens,WGS/RANDOM
PRJEB59976,ERR12343637,25379679,0,single,NextSeq 500,Homo sapiens,WGS/RANDOM
PRJEB59976,ERR12343547,209288,0,single,NextSeq 500,Homo sapiens,WGS/RANDOM
PRJEB59976,ERR12343575,18510869,0,single,NextSeq 500,Homo sapiens,WGS/RANDOM
PRJEB59976,ERR12343585,7158251,0,single,NextSeq 500,Homo sapiens,WGS/RANDOM
PRJEB59976,ERR12343613,587878,0,single,NextSeq 500,Homo sapiens,WGS/RANDOM
PRJEB59976,ERR12343638,592715,0,single,NextSeq 500,Homo sapiens,WGS/RANDOM
PRJEB59976,ERR12343431,373000,0,single,NextSeq 500,Homo sapiens,WGS/RANDOM
PRJEB59976,ERR12343438,2969457,0,single,NextSeq 500,Homo sapiens,WGS/RANDOM
PRJEB59976,ERR12343464,2237875,0,single,NextSeq 500,Homo sapiens,WGS/RANDOM
PRJEB59976,ERR12343484,139784,0,single,NextSeq 500,Homo sapiens,WGS/RANDOM
PRJEB59976,ERR12343537,2924008,0,single,NextSeq 500,Homo sapiens,WGS/RANDOM
PRJEB59976,ERR12343401,4846568,0,single,NextSeq 500,Homo sapiens,WGS/RANDOM
PRJEB59976,ERR12343407,4495559,0,single,NextSeq 500,Homo sapiens,WGS/RANDOM
PRJEB59976,ERR12343493,2856178,0,single,NextSeq 500,Homo sapiens,WGS/RANDOM
PRJEB59976,ERR12343590,12488020,0,single,NextSeq 500,Homo sapiens,WGS/RANDOM
PRJEB59976,ERR12343452,297841,0,single,NextSeq 500,Homo sapiens,WGS/RANDOM
PRJEB59976,ERR12343470,49143199,0,single,NextSeq 500,Homo sapiens,WGS/RANDOM
PRJEB59976,ERR12343550,2572371,0,single,NextSeq 500,Homo sapiens,WGS/RANDOM
PRJEB59976,ERR12343601,410464,0,single,NextSeq 500,Homo sapiens,WGS/RANDOM
PRJEB63329,ERR11591469,7623347,7623347,paired,Illumina NovaSeq 6000,Homo sapiens,WGS/RANDOM
PRJEB63329,ERR11593021,21095816,21095816,paired,Illumina NovaSeq 6000,Homo sapiens,WGS/RANDOM
PRJEB63329,ERR11593833,21513457,21513457,paired,Illumina NovaSeq 6000,Homo sapiens,WGS/RANDOM
PRJEB63329,ERR11595352,29169048,29169048,paired,Illumina NovaSeq 6000,Homo sapiens,WGS/RANDOM
PRJEB63329,ERR11595355,8046676,8046676,paired,Illumina NovaSeq 6000,Homo sapiens,WGS/RANDOM
PRJEB63329,ERR11593405,17239519,17239519,paired,Illumina NovaSeq 6000,Homo sapiens,WGS/RANDOM
PRJEB63329,ERR11593814,17172294,17172294,paired,Illumina NovaSeq 6000,Homo sapiens,WGS/RANDOM
PRJEB63329,ERR11593834,18341923,18341923,paired,Illumina NovaSeq 6000,Homo sapiens,WGS/RANDOM
PRJEB63329,ERR11593876,20254308,20254308,paired,Illumina NovaSeq 6000,Homo sapiens,WGS/RANDOM
PRJEB63329,ERR11594106,12426340,12426340,paired,Illumina NovaSeq 6000,Homo sapiens,WGS/RANDOM
PRJEB63329,ERR11592899,24426325,24426325,paired,Illumina NovaSeq 6000,Homo sapiens,WGS/RANDOM
PRJEB63329,ERR11593004,14834363,14834363,paired,Illumina NovaSeq 6000,Homo sapiens,WGS/RANDOM
PRJEB63329,ERR11593081,18538801,18538801,paired,Illumina NovaSeq 6000,Homo sapiens,WGS/RANDOM
PRJEB63329,ERR11593874,17583902,17583902,paired,Illumina NovaSeq 6000,Homo sapiens,WGS/RANDOM
PRJEB63329,ERR11594669,14045998,14045998,paired,Illumina NovaSeq 6000,Homo sapiens,WGS/RANDOM
PRJEB46155,ERR6212590,1015605202,0,single,NextSeq 500,Homo sapiens,WGS/RANDOM
PRJEB46155,ERR6212591,7695375,0,single,NextSeq 500,Homo sapiens,WGS/RANDOM
PRJEB46155,ERR6212592,7042722,0,single,NextSeq 500,Homo sapiens,WGS/RANDOM
PRJEB76829,ERR16039589,234362662,0,single,NextSeq 500,Homo sapiens,WGS/RANDOM
PRJEB76829,ERR16039590,17592185,0,single,NextSeq 500,Homo sapiens,WGS/RANDOM
PRJEB76829,ERR16039591,3202517,0,single,NextSeq 500,Homo sapiens,WGS/RANDOM
PRJEB76829,ERR16039595,140320529,0,single,Illumina NovaSeq 6000,Homo sapiens,WGS/RANDOM
PRJEB76829,ERR16039596,50374150,0,single,Illumina NovaSeq 6000,Homo sapiens,WGS/RANDOM
PRJEB76829,ERR16039598,2410115,0,single,NextSeq 500,Homo sapiens,WGS/RANDOM
PRJEB76829,ERR16039592,3488228,0,single,NextSeq 500,Homo sapiens,WGS/RANDOM
PRJEB76829,ERR16039594,59010167,0,single,Illumina NovaSeq 6000,Homo sapiens,WGS/RANDOM
PRJEB76829,ERR16039597,17171196,0,single,Illumina NovaSeq 6000,Homo sapiens,WGS/RANDOM
PRJEB84914,ERR14205994,7122178,7122178,paired,Illumina NovaSeq 6000,Homo sapiens,WGS/RANDOM
PRJEB84914,ERR14205998,3516413,3516413,paired,Illumina NovaSeq 6000,Homo sapiens,WGS/RANDOM
PRJEB84914,ERR14206005,20757409,20757409,paired,Illumina NovaSeq 6000,Homo sapiens,WGS/RANDOM
PRJEB84914,ERR14206008,3168856,3168856,paired,Illumina NovaSeq 6000,Homo sapiens,WGS/RANDOM
PRJEB84914,ERR14206016,34886096,34886096,paired,Illumina NovaSeq 6000,Homo sapiens,WGS/RANDOM
PRJEB84914,ERR14205993,9536056,9536056,paired,Illumina NovaSeq 6000,Homo sapiens,WGS/RANDOM
PRJEB84914,ERR14206003,6360967,6360967,paired,Illumina NovaSeq 6000,Homo sapiens,WGS/RANDOM
PRJEB84914,ERR14206007,1970660,1970660,paired,Illumina NovaSeq 6000,Homo sapiens,WGS/RANDOM
PRJEB84914,ERR14206015,23833399,23833399,paired,Illumina NovaSeq 6000,Homo sapiens,WGS/RANDOM
PRJEB84914,ERR14206018,1357611,1357611,paired,Illumina NovaSeq 6000,Homo sapiens,WGS/RANDOM
PRJEB84914,ERR14205991,11028147,11028147,paired,Illumina NovaSeq 6000,Homo sapiens,WGS/RANDOM
PRJEB84914,ERR14205995,3800727,3800727,paired,Illumina NovaSeq 6000,Homo sapiens,WGS/RANDOM
PRJEB84914,ERR14205997,6605296,6605296,paired,Illumina NovaSeq 6000,Homo sapiens,WGS/RANDOM
PRJEB84914,ERR14206010,1050565,1050565,paired,Illumina NovaSeq 6000,Homo sapiens,WGS/RANDOM
PRJEB84914,ERR14206017,3211995,3211995,paired,Illumina NovaSeq 6000,Homo sapiens,WGS/RANDOM
PRJEB84914,ERR14205999,10730171,10730171,paired,Illumina NovaSeq 6000,Homo sapiens,WGS/RANDOM
PRJEB84914,ERR14206000,19342889,19342889,paired,Illumina NovaSeq 6000,Homo sapiens,WGS/RANDOM
PRJEB84914,ERR14206011,853155,853155,paired,Illumina NovaSeq 6000,Homo sapiens,WGS/RANDOM
PRJEB84914,ERR14206012,2010107,2010107,paired,Illumina NovaSeq 6000,Homo sapiens,WGS/RANDOM
PRJEB84914,ERR14206013,1313925,1313925,paired,Illumina NovaSeq 6000,Homo sapiens,WGS/RANDOM
PRJEB84914,ERR14205992,17414036,17414036,paired,Illumina NovaSeq 6000,Homo sapiens,WGS/RANDOM
PRJEB84914,ERR14206001,2870775,2870775,paired,Illumina NovaSeq 6000,Homo sapiens,WGS/RANDOM
PRJEB84914,ERR14206004,25755644,25755644,paired,Illumina NovaSeq 6000,Homo sapiens,WGS/RANDOM
PRJEB84914,ERR14206006,4422328,4422328,paired,Illumina NovaSeq 6000,Homo sapiens,WGS/RANDOM
PRJEB84914,ERR14206014,22462808,22462808,paired,Illumina NovaSeq 6000,Homo sapiens,WGS/RANDOM
PRJEB76829,ERR15204810,33750625,0,single,NextSeq 500,Homo sapiens,WGS/RANDOM
PRJEB76829,ERR15204811,49944710,0,single,NextSeq 500,Homo sapiens,WGS/RANDOM
PRJEB84914,ERR14205996,6242969,6242969,paired,Illumina NovaSeq 6000,Homo sapiens,WGS/RANDOM
PRJEB84914,ERR14206002,3481751,3481751,paired,Illumina NovaSeq 6000,Homo sapiens,WGS/RANDOM
PRJEB84914,ERR14206009,1149967,1149967,paired,Illumina NovaSeq 6000,Homo sapiens,WGS/RANDOM
PRJEB76829,ERR15204815,33889953,0,single,NextSeq 500,Homo sapiens,WGS/RANDOM
PRJEB76829,ERR15204812,16210427,0,single,NextSeq 500,Homo sapiens,WGS/RANDOM
PRJEB76829,ERR15204813,116353217,0,single,NextSeq 500,Homo sapiens,WGS/RANDOM
PRJEB80740,ERR15108454,947020,947020,paired,NextSeq 500,Homo sapiens,WGS/RANDOM
PRJEB80740,ERR15108464,1069026,1069026,paired,NextSeq 500,Homo sapiens,WGS/RANDOM
PRJEB80740,ERR15108468,926048,926048,paired,NextSeq 500,Homo sapiens,WGS/RANDOM
PRJEB80740,ERR15108362,802318,802318,paired,NextSeq 500,Homo sapiens,WGS/RANDOM
PRJEB80740,ERR15108378,1022281,1022281,paired,NextSeq 500,Homo sapiens,WGS/RANDOM
PRJEB80740,ERR15108416,996763,996763,paired,NextSeq 500,Homo sapiens,WGS/RANDOM
PRJEB80740,ERR15108519,3545542,3545542,paired,NextSeq 500,Homo sapiens,WGS/RANDOM
PRJEB80740,ERR15108337,712499,712499,paired,NextSeq 500,Homo sapiens,WGS/RANDOM
PRJEB80740,ERR15108451,1041307,1041307,paired,NextSeq 500,Homo sapiens,WGS/RANDOM
PRJEB80740,ERR15108458,938229,938229,paired,NextSeq 500,Homo sapiens,WGS/RANDOM
PRJEB80740,ERR15108484,1008824,1008824,paired,NextSeq 500,Homo sapiens,WGS/RANDOM
PRJEB80740,ERR15108382,823915,823915,paired,NextSeq 500,Homo sapiens,WGS/RANDOM
PRJEB80740,ERR15108399,1057807,1057807,paired,NextSeq 500,Homo sapiens,WGS/RANDOM
PRJEB80740,ERR15108419,812266,812266,paired,NextSeq 500,Homo sapiens,WGS/RANDOM
PRJEB80740,ERR15108517,2725584,2725584,paired,NextSeq 500,Homo sapiens,WGS/RANDOM
PRJEB80740,ERR15108537,6840265,6840265,paired,NextSeq 500,Homo sapiens,WGS/RANDOM
PRJEB80740,ERR15108355,900585,900585,paired,NextSeq 500,Homo sapiens,WGS/RANDOM
PRJEB80740,ERR15108373,810322,810322,paired,NextSeq 500,Homo sapiens,WGS/RANDOM
PRJEB80740,ERR15108425,728945,728945,paired,NextSeq 500,Homo sapiens,WGS/RANDOM
PRJEB80740,ERR15108474,995558,995558,paired,NextSeq 500,Homo sapiens,WGS/RANDOM
PRJEB80740,ERR15108511,4550727,4550727,paired,NextSeq 500,Homo sapiens,WGS/RANDOM
PRJEB80740,ERR15108459,891484,891484,paired,NextSeq 500,Homo sapiens,WGS/RANDOM
PRJEB80740,ERR15108507,2894929,2894929,paired,NextSeq 500,Homo sapiens,WGS/RANDOM
PRJEB80740,ERR15108383,777091,777091,paired,NextSeq 500,Homo sapiens,WGS/RANDOM
PRJEB80740,ERR15108391,930259,930259,paired,NextSeq 500,Homo sapiens,WGS/RANDOM
PRJEB80740,ERR15108424,760418,760418,paired,NextSeq 500,Homo sapiens,WGS/RANDOM
PRJEB80740,ERR15108476,958471,958471,paired,NextSeq 500,Homo sapiens,WGS/RANDOM
PRJEB80740,ERR15108365,739413,739413,paired,NextSeq 500,Homo sapiens,WGS/RANDOM
PRJEB80740,ERR15108380,978762,978762,paired,NextSeq 500,Homo sapiens,WGS/RANDOM
PRJEB80740,ERR15108423,744721,744721,paired,NextSeq 500,Homo sapiens,WGS/RANDOM
PRJEB80740,ERR15108473,890785,890785,paired,NextSeq 500,Homo sapiens,WGS/RANDOM
PRJEB80740,ERR15108501,2789784,2789784,paired,NextSeq 500,Homo sapiens,WGS/RANDOM
PRJEB80740,ERR15108403,905462,905462,paired,NextSeq 500,Homo sapiens,WGS/RANDOM
PRJEB80740,ERR15108408,1018570,1018570,paired,NextSeq 500,Homo sapiens,WGS/RANDOM
PRJEB80740,ERR15108431,914507,914507,paired,NextSeq 500,Homo sapiens,WGS/RANDOM
PRJEB80740,ERR15108561,3565080,3565080,paired,NextSeq 500,Homo sapiens,WGS/RANDOM
PRJEB80740,ERR15108347,705849,705849,paired,NextSeq 500,Homo sapiens,WGS/RANDOM
PRJEB80740,ERR15108392,930914,930914,paired,NextSeq 500,Homo sapiens,WGS/RANDOM
PRJEB80740,ERR15108405,879259,879259,paired,NextSeq 500,Homo sapiens,WGS/RANDOM
PRJEB80740,ERR15108444,1033134,1033134,paired,NextSeq 500,Homo sapiens,WGS/RANDOM
PRJEB80740,ERR15108335,729369,729369,paired,NextSeq 500,Homo sapiens,WGS/RANDOM
PRJEB80740,ERR15108340,809096,809096,paired,NextSeq 500,Homo sapiens,WGS/RANDOM
PRJEB80740,ERR15108386,917697,917697,paired,NextSeq 500,Homo sapiens,WGS/RANDOM
PRJEB80740,ERR15108479,984003,984003,paired,NextSeq 500,Homo sapiens,WGS/RANDOM
PRJEB80740,ERR15108346,741985,741985,paired,NextSeq 500,Homo sapiens,WGS/RANDOM
PRJEB80740,ERR15108441,837130,837130,paired,NextSeq 500,Homo sapiens,WGS/RANDOM
PRJEB80740,ERR15108461,873990,873990,paired,NextSeq 500,Homo sapiens,WGS/RANDOM
PRJEB80740,ERR15108499,2830339,2830339,paired,NextSeq 500,Homo sapiens,WGS/RANDOM
PRJEB80740,ERR15108377,889340,889340,paired,NextSeq 500,Homo sapiens,WGS/RANDOM
PRJEB80740,ERR15108477,920118,920118,paired,NextSeq 500,Homo sapiens,WGS/RANDOM
PRJEB80740,ERR15108349,691073,691073,paired,NextSeq 500,Homo sapiens,WGS/RANDOM
PRJEB80740,ERR15108359,781046,781046,paired,NextSeq 500,Homo sapiens,WGS/RANDOM
PRJEB80740,ERR15108366,1118892,1118892,paired,NextSeq 500,Homo sapiens,WGS/RANDOM
PRJEB80740,ERR15108418,847504,847504,paired,NextSeq 500,Homo sapiens,WGS/RANDOM
PRJEB80740,ERR15108389,859325,859325,paired,NextSeq 500,Homo sapiens,WGS/RANDOM
PRJEB80740,ERR15108409,992173,992173,paired,NextSeq 500,Homo sapiens,WGS/RANDOM
PRJEB80740,ERR15108433,893794,893794,paired,NextSeq 500,Homo sapiens,WGS/RANDOM
PRJEB80740,ERR15108493,2586253,2586253,paired,NextSeq 500,Homo sapiens,WGS/RANDOM
PRJEB80740,ERR15108415,982779,982779,paired,NextSeq 500,Homo sapiens,WGS/RANDOM
PRJEB80740,ERR15108437,889302,889302,paired,NextSeq 500,Homo sapiens,WGS/RANDOM
PRJEB80740,ERR15108513,4493383,4493383,paired,NextSeq 500,Homo sapiens,WGS/RANDOM
PRJEB80740,ERR15108560,3709554,3709554,paired,NextSeq 500,Homo sapiens,WGS/RANDOM
PRJEB80740,ERR15108370,878939,878939,paired,NextSeq 500,Homo sapiens,WGS/RANDOM
PRJEB80740,ERR15108396,831941,831941,paired,NextSeq 500,Homo sapiens,WGS/RANDOM
PRJEB80740,ERR15108397,806388,806388,paired,NextSeq 500,Homo sapiens,WGS/RANDOM
PRJEB80740,ERR15108394,867300,867300,paired,NextSeq 500,Homo sapiens,WGS/RANDOM
PRJEB80740,ERR15108541,3674961,3674961,paired,NextSeq 500,Homo sapiens,WGS/RANDOM
PRJEB80740,ERR15108438,893792,893792,paired,NextSeq 500,Homo sapiens,WGS/RANDOM
PRJEB80740,ERR15108462,1115510,1115510,paired,NextSeq 500,Homo sapiens,WGS/RANDOM
PRJEB80740,ERR15108469,895825,895825,paired,NextSeq 500,Homo sapiens,WGS/RANDOM
PRJEB80740,ERR15108357,877602,877602,paired,NextSeq 500,Homo sapiens,WGS/RANDOM
PRJEB80740,ERR15108450,1093351,1093351,paired,NextSeq 500,Homo sapiens,WGS/RANDOM
PRJEB80740,ERR15108485,969627,969627,paired,NextSeq 500,Homo sapiens,WGS/RANDOM
PRJEB80740,ERR15108500,2823295,2823295,paired,NextSeq 500,Homo sapiens,WGS/RANDOM
PRJEB80740,ERR15108344,902359,902359,paired,NextSeq 500,Homo sapiens,WGS/RANDOM
PRJEB80740,ERR15108358,820028,820028,paired,NextSeq 500,Homo sapiens,WGS/RANDOM
PRJEB80740,ERR15108428,999872,999872,paired,NextSeq 500,Homo sapiens,WGS/RANDOM
PRJEB80740,ERR15108388,886168,886168,paired,NextSeq 500,Homo sapiens,WGS/RANDOM
PRJEB80740,ERR15108417,956907,956907,paired,NextSeq 500,Homo sapiens,WGS/RANDOM
PRJEB80740,ERR15108446,974480,974480,paired,NextSeq 500,Homo sapiens,WGS/RANDOM
PRJEB80740,ERR15108463,1058553,1058553,paired,NextSeq 500,Homo sapiens,WGS/RANDOM
PRJEB80740,ERR15108375,915185,915185,paired,NextSeq 500,Homo sapiens,WGS/RANDOM
PRJEB80740,ERR15108414,1040606,1040606,paired,NextSeq 500,Homo sapiens,WGS/RANDOM
PRJEB80740,ERR15108467,926676,926676,paired,NextSeq 500,Homo sapiens,WGS/RANDOM
PRJEB80740,ERR15108471,911565,911565,paired,NextSeq 500,Homo sapiens,WGS/RANDOM
PRJEB80740,ERR15108559,3750601,3750601,paired,NextSeq 500,Homo sapiens,WGS/RANDOM
PRJEB80740,ERR15108334,768913,768913,paired,NextSeq 500,Homo sapiens,WGS/RANDOM
PRJEB80740,ERR15108342,942906,942906,paired,NextSeq 500,Homo sapiens,WGS/RANDOM
PRJEB80740,ERR15108369,1047681,1047681,paired,NextSeq 500,Homo sapiens,WGS/RANDOM
PRJEB80740,ERR15108480,994977,994977,paired,NextSeq 500,Homo sapiens,WGS/RANDOM
PRJEB80740,ERR15108343,894107,894107,paired,NextSeq 500,Homo sapiens,WGS/RANDOM
PRJEB80740,ERR15108400,1062330,1062330,paired,NextSeq 500,Homo sapiens,WGS/RANDOM
PRJEB80740,ERR15108406,1069556,1069556,paired,NextSeq 500,Homo sapiens,WGS/RANDOM
PRJEB80740,ERR15108538,3815840,3815840,paired,NextSeq 500,Homo sapiens,WGS/RANDOM
PRJEB80740,ERR15108376,907760,907760,paired,NextSeq 500,Homo sapiens,WGS/RANDOM
PRJEB80740,ERR15108393,910794,910794,paired,NextSeq 500,Homo sapiens,WGS/RANDOM
PRJEB80740,ERR15108420,812942,812942,paired,NextSeq 500,Homo sapiens,WGS/RANDOM
PRJEB80740,ERR15108440,862366,862366,paired,NextSeq 500,Homo sapiens,WGS/RANDOM
PRJEB80740,ERR15108452,1052313,1052313,paired,NextSeq 500,Homo sapiens,WGS/RANDOM
PRJEB80740,ERR15108361,762151,762151,paired,NextSeq 500,Homo sapiens,WGS/RANDOM
PRJEB80740,ERR15108456,901269,901269,paired,NextSeq 500,Homo sapiens,WGS/RANDOM
PRJEB80740,ERR15108455,896765,896765,paired,NextSeq 500,Homo sapiens,WGS/RANDOM
PRJEB80740,ERR15108520,3530758,3530758,paired,NextSeq 500,Homo sapiens,WGS/RANDOM
PRJEB80740,ERR15108413,839014,839014,paired,NextSeq 500,Homo sapiens,WGS/RANDOM
PRJEB80740,ERR15108430,965634,965634,paired,NextSeq 500,Homo sapiens,WGS/RANDOM
PRJEB80740,ERR15108457,872977,872977,paired,NextSeq 500,Homo sapiens,WGS/RANDOM
PRJEB80740,ERR15108534,7175186,7175186,paired,NextSeq 500,Homo sapiens,WGS/RANDOM
PRJEB80740,ERR15108572,4542325,4542325,paired,NextSeq 500,Homo sapiens,WGS/RANDOM
PRJEB80740,ERR15108353,802778,802778,paired,NextSeq 500,Homo sapiens,WGS/RANDOM
PRJEB80740,ERR15108491,2645427,2645427,paired,NextSeq 500,Homo sapiens,WGS/RANDOM
PRJEB80740,ERR15108498,2913871,2913871,paired,NextSeq 500,Homo sapiens,WGS/RANDOM
PRJEB80740,ERR15108354,946685,946685,paired,NextSeq 500,Homo sapiens,WGS/RANDOM
PRJEB80740,ERR15108410,907740,907740,paired,NextSeq 500,Homo sapiens,WGS/RANDOM
PRJEB80740,ERR15108536,6970264,6970264,paired,NextSeq 500,Homo sapiens,WGS/RANDOM
PRJEB80740,ERR15108570,4521625,4521625,paired,NextSeq 500,Homo sapiens,WGS/RANDOM
PRJEB80740,ERR15108339,808223,808223,paired,NextSeq 500,Homo sapiens,WGS/RANDOM
PRJEB80740,ERR15108422,785539,785539,paired,NextSeq 500,Homo sapiens,WGS/RANDOM
PRJEB80740,ERR15108478,1040905,1040905,paired,NextSeq 500,Homo sapiens,WGS/RANDOM
PRJEB80740,ERR15108516,2762541,2762541,paired,NextSeq 500,Homo sapiens,WGS/RANDOM
PRJEB80740,ERR15108364,761909,761909,paired,NextSeq 500,Homo sapiens,WGS/RANDOM
PRJEB80740,ERR15108371,830699,830699,paired,NextSeq 500,Homo sapiens,WGS/RANDOM
PRJEB80740,ERR15108407,1015215,1015215,paired,NextSeq 500,Homo sapiens,WGS/RANDOM
PRJEB80740,ERR15108448,927351,927351,paired,NextSeq 500,Homo sapiens,WGS/RANDOM
PRJEB80740,ERR15108341,784637,784637,paired,NextSeq 500,Homo sapiens,WGS/RANDOM
PRJEB80740,ERR15108350,866254,866254,paired,NextSeq 500,Homo sapiens,WGS/RANDOM
PRJEB80740,ERR15108381,955177,955177,paired,NextSeq 500,Homo sapiens,WGS/RANDOM
PRJEB80740,ERR15108385,761812,761812,paired,NextSeq 500,Homo sapiens,WGS/RANDOM
PRJEB80740,ERR15108466,968621,968621,paired,NextSeq 500,Homo sapiens,WGS/RANDOM
PRJEB80740,ERR15108351,820149,820149,paired,NextSeq 500,Homo sapiens,WGS/RANDOM
PRJEB80740,ERR15108439,853927,853927,paired,NextSeq 500,Homo sapiens,WGS/RANDOM
PRJEB80740,ERR15108442,1093839,1093839,paired,NextSeq 500,Homo sapiens,WGS/RANDOM
PRJEB80740,ERR15108492,2594585,2594585,paired,NextSeq 500,Homo sapiens,WGS/RANDOM
PRJEB80740,ERR15108367,1069596,1069596,paired,NextSeq 500,Homo sapiens,WGS/RANDOM
PRJEB80740,ERR15108401,1029066,1029066,paired,NextSeq 500,Homo sapiens,WGS/RANDOM
PRJEB80740,ERR15108426,1040386,1040386,paired,NextSeq 500,Homo sapiens,WGS/RANDOM
PRJEB80740,ERR15108421,784410,784410,paired,NextSeq 500,Homo sapiens,WGS/RANDOM
PRJEB80740,ERR15108475,938089,938089,paired,NextSeq 500,Homo sapiens,WGS/RANDOM
PRJEB80740,ERR15108509,2857133,2857133,paired,NextSeq 500,Homo sapiens,WGS/RANDOM
PRJEB80740,ERR15108539,3832830,3832830,paired,NextSeq 500,Homo sapiens,WGS/RANDOM
PRJEB80740,ERR15108470,957273,957273,paired,NextSeq 500,Homo sapiens,WGS/RANDOM
PRJEB80740,ERR15108432,927977,927977,paired,NextSeq 500,Homo sapiens,WGS/RANDOM
PRJEB80740,ERR15108398,1111795,1111795,paired,NextSeq 500,Homo sapiens,WGS/RANDOM
PRJEB80740,ERR15108374,962512,962512,paired,NextSeq 500,Homo sapiens,WGS/RANDOM
PRJEB80740,ERR15108352,832568,832568,paired,NextSeq 500,Homo sapiens,WGS/RANDOM
PRJEB80740,ERR15108363,757246,757246,paired,NextSeq 500,Homo sapiens,WGS/RANDOM
PRJEB80740,ERR15108402,945707,945707,paired,NextSeq 500,Homo sapiens,WGS/RANDOM
PRJEB80740,ERR15108427,979757,979757,paired,NextSeq 500,Homo sapiens,WGS/RANDOM
PRJEB80740,ERR15108384,791049,791049,paired,NextSeq 500,Homo sapiens,WGS/RANDOM
PRJEB80740,ERR15108483,984665,984665,paired,NextSeq 500,Homo sapiens,WGS/RANDOM
PRJEB80740,ERR15108356,907880,907880,paired,NextSeq 500,Homo sapiens,WGS/RANDOM
PRJEB80740,ERR15108387,876219,876219,paired,NextSeq 500,Homo sapiens,WGS/RANDOM
PRJEB80740,ERR15108435,909504,909504,paired,NextSeq 500,Homo sapiens,WGS/RANDOM
PRJEB80740,ERR15108482,1043919,1043919,paired,NextSeq 500,Homo sapiens,WGS/RANDOM
PRJEB80740,ERR15108338,844806,844806,paired,NextSeq 500,Homo sapiens,WGS/RANDOM
PRJEB80740,ERR15108514,2853237,2853237,paired,NextSeq 500,Homo sapiens,WGS/RANDOM
PRJEB80740,ERR15108515,2782559,2782559,paired,NextSeq 500,Homo sapiens,WGS/RANDOM
PRJEB80740,ERR15108521,3480005,3480005,paired,NextSeq 500,Homo sapiens,WGS/RANDOM
PRJEB80740,ERR15108571,4506823,4506823,paired,NextSeq 500,Homo sapiens,WGS/RANDOM
PRJEB80740,ERR15108472,918182,918182,paired,NextSeq 500,Homo sapiens,WGS/RANDOM
PRJEB80740,ERR15108390,975475,975475,paired,NextSeq 500,Homo sapiens,WGS/RANDOM
PRJEB80740,ERR15108518,3651375,3651375,paired,NextSeq 500,Homo sapiens,WGS/RANDOM
PRJEB80740,ERR15108573,4312727,4312727,paired,NextSeq 500,Homo sapiens,WGS/RANDOM
PRJEB80740,ERR15108508,2889626,2889626,paired,NextSeq 500,Homo sapiens,WGS/RANDOM
PRJEB80740,ERR15108558,3742499,3742499,paired,NextSeq 500,Homo sapiens,WGS/RANDOM
PRJEB80740,ERR15108336,734287,734287,paired,NextSeq 500,Homo sapiens,WGS/RANDOM
PRJEB80740,ERR15108348,720552,720552,paired,NextSeq 500,Homo sapiens,WGS/RANDOM
PRJEB80740,ERR15108368,1081485,1081485,paired,NextSeq 500,Homo sapiens,WGS/RANDOM
PRJEB80740,ERR15108404,902970,902970,paired,NextSeq 500,Homo sapiens,WGS/RANDOM
PRJEB80740,ERR15108490,2716311,2716311,paired,NextSeq 500,Homo sapiens,WGS/RANDOM
PRJEB80740,ERR15108510,4706450,4706450,paired,NextSeq 500,Homo sapiens,WGS/RANDOM
PRJEB80740,ERR15108535,6941162,6941162,paired,NextSeq 500,Homo sapiens,WGS/RANDOM
PRJEB80740,ERR15108434,955703,955703,paired,NextSeq 500,Homo sapiens,WGS/RANDOM
PRJEB80740,ERR15108436,919800,919800,paired,NextSeq 500,Homo sapiens,WGS/RANDOM
PRJEB80740,ERR15108395,826301,826301,paired,NextSeq 500,Homo sapiens,WGS/RANDOM
PRJEB80740,ERR15108540,3836927,3836927,paired,NextSeq 500,Homo sapiens,WGS/RANDOM
PRJEB80740,ERR15108429,959865,959865,paired,NextSeq 500,Homo sapiens,WGS/RANDOM
PRJEB80740,ERR15108447,925083,925083,paired,NextSeq 500,Homo sapiens,WGS/RANDOM
PRJEB80740,ERR15108449,903122,903122,paired,NextSeq 500,Homo sapiens,WGS/RANDOM
PRJEB80740,ERR15108460,904789,904789,paired,NextSeq 500,Homo sapiens,WGS/RANDOM
PRJEB80740,ERR15108506,2976736,2976736,paired,NextSeq 500,Homo sapiens,WGS/RANDOM
PRJEB80740,ERR15108453,1020107,1020107,paired,NextSeq 500,Homo sapiens,WGS/RANDOM
PRJEB80740,ERR15108412,867075,867075,paired,NextSeq 500,Homo sapiens,WGS/RANDOM
PRJEB80740,ERR15108445,997725,997725,paired,NextSeq 500,Homo sapiens,WGS/RANDOM
PRJEB80740,ERR15108360,785885,785885,paired,NextSeq 500,Homo sapiens,WGS/RANDOM
PRJEB80740,ERR15108481,956154,956154,paired,NextSeq 500,Homo sapiens,WGS/RANDOM
PRJEB80740,ERR15108443,1024332,1024332,paired,NextSeq 500,Homo sapiens,WGS/RANDOM
PRJEB80740,ERR15108379,978133,978133,paired,NextSeq 500,Homo sapiens,WGS/RANDOM
PRJEB80740,ERR15108345,873757,873757,paired,NextSeq 500,Homo sapiens,WGS/RANDOM
PRJEB80740,ERR15108512,4576844,4576844,paired,NextSeq 500,Homo sapiens,WGS/RANDOM
PRJEB80740,ERR15108372,832105,832105,paired,NextSeq 500,Homo sapiens,WGS/RANDOM
PRJEB80740,ERR15108411,858914,858914,paired,NextSeq 500,Homo sapiens,WGS/RANDOM
PRJEB80740,ERR15108465,1034286,1034286,paired,NextSeq 500,Homo sapiens,WGS/RANDOM
PRJEB79566,ERR13615634,1528306,0,single,Illumina MiSeq,Homo sapiens,WGS/RANDOM
PRJEB79566,ERR13615629,1274901,0,single,Illumina MiSeq,Homo sapiens,WGS/RANDOM
PRJEB79566,ERR13615624,22972749,0,single,Illumina MiSeq,Homo sapiens,WGS/RANDOM
PRJEB79566,ERR13615633,1722688,0,single,Illumina MiSeq,Homo sapiens,WGS/RANDOM
PRJEB79566,ERR13615627,25753291,0,single,Illumina MiSeq,Homo sapiens,WGS/RANDOM
PRJEB79566,ERR13615632,1381804,0,single,Illumina MiSeq,Homo sapiens,WGS/RANDOM
PRJEB79566,ERR13615628,1496534,0,single,Illumina MiSeq,Homo sapiens,WGS/RANDOM
PRJEB79566,ERR13615630,897686,0,single,Illumina MiSeq,Homo sapiens,WGS/RANDOM
PRJEB79566,ERR13615625,20147814,0,single,Illumina MiSeq,Homo sapiens,WGS/RANDOM
PRJEB79566,ERR13615631,1500913,0,single,Illumina MiSeq,Homo sapiens,WGS/RANDOM
PRJEB60072,ERR10908678,11198960,0,single,NextSeq 550,Homo sapiens,WGS/RANDOM
PRJEB60072,ERR10908672,11892640,0,single,NextSeq 550,Homo sapiens,WGS/RANDOM
PRJEB60072,ERR10908723,18843541,0,single,NextSeq 550,Homo sapiens,WGS/RANDOM
PRJEB60072,ERR10908664,21451673,0,single,NextSeq 550,Homo sapiens,WGS/RANDOM
PRJEB53198,ERR9810099,576384,0,single,Illumina HiSeq 4000,Homo sapiens,WGS/RANDOM
PRJEB53198,ERR9810100,99830433,0,single,Illumina HiSeq 4000,Homo sapiens,WGS/RANDOM
PRJEB34569,ERR3678176,5204101,5204101,paired,NextSeq 500,Homo sapiens,WGS/RANDOM
PRJEB34569,ERR3678177,6760688,6760688,paired,NextSeq 500,Homo sapiens,WGS/RANDOM
PRJEB34569,ERR3579826,19131370,19131370,paired,NextSeq 500,Homo sapiens,WGS/RANDOM
PRJEB34569,ERR3579821,26165856,26165856,paired,NextSeq 500,Homo sapiens,WGS/RANDOM
PRJEB34569,ERR3579822,43443020,43443020,paired,NextSeq 500,Homo sapiens,WGS/RANDOM
PRJEB34569,ERR3579823,44348880,44348880,paired,NextSeq 500,Homo sapiens,WGS/RANDOM
PRJEB34569,ERR3579824,35364677,35364677,paired,NextSeq 500,Homo sapiens,WGS/RANDOM
PRJEB34569,ERR3579825,33357115,33357115,paired,NextSeq 500,Homo sapiens,WGS/RANDOM
PRJEB34569,ERR3579817,7815953,7815953,paired,NextSeq 500,Homo sapiens,WGS/RANDOM
PRJEB34569,ERR3579818,7520684,7520684,paired,NextSeq 500,Homo sapiens,WGS/RANDOM
PRJEB34569,ERR3579819,34014564,34014564,paired,NextSeq 500,Homo sapiens,WGS/RANDOM
PRJEB34569,ERR3579820,15841120,15841120,paired,NextSeq 500,Homo sapiens,WGS/RANDOM
PRJEB34569,ERR3579811,6018075,6018075,paired,NextSeq 500,Homo sapiens,WGS/RANDOM
PRJEB34569,ERR3579812,8867815,8867815,paired,NextSeq 500,Homo sapiens,WGS/RANDOM
PRJEB34569,ERR3579813,3390842,3390842,paired,NextSeq 500,Homo sapiens,WGS/RANDOM
PRJEB34569,ERR3579814,3369663,3369663,paired,NextSeq 500,Homo sapiens,WGS/RANDOM
PRJEB34569,ERR3579809,13440295,13440295,paired,NextSeq 500,Homo sapiens,WGS/RANDOM
PRJEB34569,ERR3579810,64465025,64465025,paired,NextSeq 500,Homo sapiens,WGS/RANDOM
PRJEB34569,ERR3579806,29080529,29080529,paired,NextSeq 500,Homo sapiens,WGS/RANDOM
PRJEB34569,ERR3579801,16440498,16440498,paired,NextSeq 500,Homo sapiens,WGS/RANDOM
PRJEB34569,ERR3579802,18911541,18911541,paired,NextSeq 500,Homo sapiens,WGS/RANDOM
PRJEB34569,ERR3579803,15402298,15402298,paired,NextSeq 500,Homo sapiens,WGS/RANDOM
PRJEB34569,ERR3579804,17417086,17417086,paired,NextSeq 500,Homo sapiens,WGS/RANDOM
PRJEB34569,ERR3579805,21774956,21774956,paired,NextSeq 500,Homo sapiens,WGS/RANDOM
PRJEB34569,ERR3579800,12609185,12609185,paired,NextSeq 500,Homo sapiens,WGS/RANDOM
PRJEB34569,ERR3579791,13841557,13841557,paired,NextSeq 500,Homo sapiens,WGS/RANDOM
PRJEB34569,ERR3579786,109880028,109880028,paired,NextSeq 500,Homo sapiens,WGS/RANDOM
PRJEB34569,ERR3579787,18801683,18801683,paired,NextSeq 500,Homo sapiens,WGS/RANDOM
PRJEB34569,ERR3579788,17017373,17017373,paired,NextSeq 500,Homo sapiens,WGS/RANDOM
PRJEB34569,ERR3579789,18685938,18685938,paired,NextSeq 500,Homo sapiens,WGS/RANDOM
PRJEB34569,ERR3579790,32526718,32526718,paired,NextSeq 500,Homo sapiens,WGS/RANDOM
PRJEB34569,ERR3579784,18352049,18352049,paired,NextSeq 500,Homo sapiens,WGS/RANDOM
PRJEB34569,ERR3579785,17400404,17400404,paired,NextSeq 500,Homo sapiens,WGS/RANDOM
PRJEB34569,ERR3579773,11583417,11583417,paired,NextSeq 500,Homo sapiens,WGS/RANDOM
PRJEB34569,ERR3579774,13488543,13488543,paired,NextSeq 500,Homo sapiens,WGS/RANDOM
PRJEB34569,ERR3579775,11012329,11012329,paired,NextSeq 500,Homo sapiens,WGS/RANDOM
PRJEB34569,ERR3579741,10499367,10499367,paired,NextSeq 500,Homo sapiens,WGS/RANDOM
PRJEB34569,ERR3579742,9812358,9812358,paired,NextSeq 500,Homo sapiens,WGS/RANDOM
PRJEB34569,ERR3579736,13336606,13336606,paired,NextSeq 500,Homo sapiens,WGS/RANDOM
PRJEB34569,ERR3579737,104472100,104472100,paired,NextSeq 500,Homo sapiens,WGS/RANDOM
PRJEB34569,ERR3579738,10641004,10641004,paired,NextSeq 500,Homo sapiens,WGS/RANDOM
PRJEB34569,ERR3579739,9254795,9254795,paired,NextSeq 500,Homo sapiens,WGS/RANDOM
PRJEB34569,ERR3579740,12254858,12254858,paired,NextSeq 500,Homo sapiens,WGS/RANDOM
PRJEB34569,ERR3579731,13625140,13625140,paired,NextSeq 500,Homo sapiens,WGS/RANDOM
PRJEB34569,ERR3579732,67123133,67123133,paired,NextSeq 500,Homo sapiens,WGS/RANDOM
PRJEB34569,ERR3579733,12486390,12486390,paired,NextSeq 500,Homo sapiens,WGS/RANDOM
PRJEB34569,ERR3579734,12187013,12187013,paired,NextSeq 500,Homo sapiens,WGS/RANDOM
PRJEB34569,ERR3579735,15224970,15224970,paired,NextSeq 500,Homo sapiens,WGS/RANDOM
PRJEB34569,ERR3579728,16398627,16398627,paired,NextSeq 500,Homo sapiens,WGS/RANDOM
PRJEB34569,ERR3579729,53593426,53593426,paired,NextSeq 500,Homo sapiens,WGS/RANDOM
PRJEB34569,ERR3579730,14038368,14038368,paired,NextSeq 500,Homo sapiens,WGS/RANDOM
PRJEB34569,ERR3579719,6764741,6764741,paired,NextSeq 500,Homo sapiens,WGS/RANDOM
PRJEB34569,ERR3579707,11596167,11596167,paired,NextSeq 500,Homo sapiens,WGS/RANDOM
PRJEB34569,ERR3579696,21562225,21562225,paired,Illumina HiSeq 4000,Homo sapiens,WGS/RANDOM
PRJEB34569,ERR3579697,28658666,28658666,paired,Illumina HiSeq 4000,Homo sapiens,WGS/RANDOM
PRJEB34569,ERR3579698,15510313,15510313,paired,Illumina HiSeq 4000,Homo sapiens,WGS/RANDOM
PRJEB34569,ERR3579692,15506926,15506926,paired,Illumina HiSeq 4000,Homo sapiens,WGS/RANDOM
PRJEB34569,ERR3579691,14923341,14923341,paired,Illumina HiSeq 4000,Homo sapiens,WGS/RANDOM
PRJEB34569,ERR3579694,14926337,14926337,paired,Illumina HiSeq 4000,Homo sapiens,WGS/RANDOM
PRJEB34569,ERR3579693,13080903,13080903,paired,Illumina HiSeq 4000,Homo sapiens,WGS/RANDOM
PRJEB34569,ERR3579695,15292032,15292032,paired,Illumina HiSeq 4000,Homo sapiens,WGS/RANDOM
PRJEB34569,ERR3579690,12677550,12677550,paired,Illumina HiSeq 4000,Homo sapiens,WGS/RANDOM
PRJEB34569,ERR3579689,18201330,18201330,paired,Illumina HiSeq 4000,Homo sapiens,WGS/RANDOM
PRJEB34569,ERR3579677,1240487,0,single,NextSeq 500,Homo sapiens,WGS/RANDOM
PRJEB34569,ERR3579678,1599129,0,single,NextSeq 500,Homo sapiens,WGS/RANDOM
PRJEB43291,ERR5355040,827979,0,single,Illumina MiniSeq,Homo sapiens,WGS/RANDOM
PRJEB43291,ERR5355041,576886,0,single,Illumina MiniSeq,Homo sapiens,WGS/RANDOM
PRJEB43291,ERR5355042,441243,0,single,Illumina MiniSeq,Homo sapiens,WGS/RANDOM
PRJEB43291,ERR5355043,906740,0,single,Illumina MiniSeq,Homo sapiens,WGS/RANDOM
PRJEB43291,ERR5355044,335835,0,single,Illumina MiniSeq,Homo sapiens,WGS/RANDOM
PRJEB43291,ERR5355035,826606,0,single,Illumina MiniSeq,Homo sapiens,WGS/RANDOM
PRJEB43291,ERR5355036,594022,0,single,Illumina MiniSeq,Homo sapiens,WGS/RANDOM
PRJEB43291,ERR5355037,71560003,0,single,Illumina NovaSeq 6000,Homo sapiens,WGS/RANDOM
PRJEB43291,ERR5355038,209607,0,single,Illumina MiniSeq,Homo sapiens,WGS/RANDOM
PRJEB43291,ERR5355039,52561225,0,single,Illumina NovaSeq 6000,Homo sapiens,WGS/RANDOM
PRJEB43291,ERR5355030,746483,0,single,Illumina MiniSeq,Homo sapiens,WGS/RANDOM
PRJEB43291,ERR5355031,848591,0,single,Illumina MiniSeq,Homo sapiens,WGS/RANDOM
PRJEB43291,ERR5355032,1178944,0,single,Illumina MiniSeq,Homo sapiens,WGS/RANDOM
PRJEB43291,ERR5355033,1162265,0,single,Illumina MiniSeq,Homo sapiens,WGS/RANDOM
PRJEB43291,ERR5355034,540491,0,single,Illumina MiniSeq,Homo sapiens,WGS/RANDOM
PRJEB43291,ERR5355025,716538,0,single,Illumina MiniSeq,Homo sapiens,WGS/RANDOM
PRJEB43291,ERR5355026,663716,0,single,Illumina MiniSeq,Homo sapiens,WGS/RANDOM
PRJEB43291,ERR5355027,689836,0,single,Illumina MiniSeq,Homo sapiens,WGS/RANDOM
PRJEB43291,ERR5355028,529763,0,single,Illumina MiniSeq,Homo sapiens,WGS/RANDOM
PRJEB43291,ERR5355029,879330,0,single,Illumina MiniSeq,Homo sapiens,WGS/RANDOM
PRJEB43291,ERR5355020,727044,0,single,Illumina MiniSeq,Homo sapiens,WGS/RANDOM
PRJEB43291,ERR5355021,280053,0,single,Illumina MiniSeq,Homo sapiens,WGS/RANDOM
PRJEB43291,ERR5355022,837959,0,single,Illumina MiniSeq,Homo sapiens,WGS/RANDOM
PRJEB43291,ERR5355023,388859,0,single,Illumina MiniSeq,Homo sapiens,WGS/RANDOM
PRJEB43291,ERR5355024,849875,0,single,Illumina MiniSeq,Homo sapiens,WGS/RANDOM
PRJEB43291,ERR5355015,849418,0,single,Illumina MiniSeq,Homo sapiens,WGS/RANDOM
PRJEB43291,ERR5355016,354786,0,single,Illumina MiniSeq,Homo sapiens,WGS/RANDOM
PRJEB43291,ERR5355017,409691,0,single,Illumina MiniSeq,Homo sapiens,WGS/RANDOM
PRJEB43291,ERR5355018,485291,0,single,Illumina MiniSeq,Homo sapiens,WGS/RANDOM
PRJEB43291,ERR5355019,261653,0,single,Illumina MiniSeq,Homo sapiens,WGS/RANDOM
PRJEB43291,ERR5355010,529652,0,single,Illumina MiniSeq,Homo sapiens,WGS/RANDOM
PRJEB43291,ERR5355011,1042749,0,single,Illumina MiniSeq,Homo sapiens,WGS/RANDOM
PRJEB43291,ERR5355012,762737,0,single,Illumina MiniSeq,Homo sapiens,WGS/RANDOM
PRJEB43291,ERR5355013,1046816,0,single,Illumina MiniSeq,Homo sapiens,WGS/RANDOM
PRJEB43291,ERR5355014,714926,0,single,Illumina MiniSeq,Homo sapiens,WGS/RANDOM
PRJEB43291,ERR5355005,612919,0,single,Illumina MiniSeq,Homo sapiens,WGS/RANDOM
PRJEB43291,ERR5355006,278327,0,single,Illumina MiniSeq,Homo sapiens,WGS/RANDOM
PRJEB43291,ERR5355007,1103367,0,single,Illumina MiniSeq,Homo sapiens,WGS/RANDOM
PRJEB43291,ERR5355008,951793,0,single,Illumina MiniSeq,Homo sapiens,WGS/RANDOM
PRJEB43291,ERR5355009,497634,0,single,Illumina MiniSeq,Homo sapiens,WGS/RANDOM
PRJEB43291,ERR5355000,66607702,0,single,Illumina NovaSeq 6000,Homo sapiens,WGS/RANDOM
PRJEB43291,ERR5355001,909142,0,single,Illumina MiniSeq,Homo sapiens,WGS/RANDOM
PRJEB43291,ERR5355002,819075,0,single,Illumina MiniSeq,Homo sapiens,WGS/RANDOM
PRJEB43291,ERR5355003,601415,0,single,Illumina MiniSeq,Homo sapiens,WGS/RANDOM
PRJEB43291,ERR5355004,603359,0,single,Illumina MiniSeq,Homo sapiens,WGS/RANDOM
PRJEB43291,ERR5354998,963692,0,single,Illumina MiniSeq,Homo sapiens,WGS/RANDOM
PRJEB43291,ERR5354999,91093746,0,single,Illumina NovaSeq 6000,Homo sapiens,WGS/RANDOM
PRJEB43291,ERR5354967,3678679,3678679,paired,Illumina NovaSeq 6000,Homo sapiens,WGS/RANDOM
PRJEB43291,ERR5354969,3283777,3283777,paired,Illumina NovaSeq 6000,Homo sapiens,WGS/RANDOM
PRJEB43291,ERR5354962,100251,100251,paired,Illumina MiniSeq,Homo sapiens,WGS/RANDOM
PRJEB43291,ERR5354960,231474,231474,paired,Illumina MiniSeq,Homo sapiens,WGS/RANDOM
PRJEB43291,ERR5354952,175980,175980,paired,Illumina MiniSeq,Homo sapiens,WGS/RANDOM
PRJEB43291,ERR5354956,107587,107587,paired,Illumina MiniSeq,Homo sapiens,WGS/RANDOM
PRJEB43291,ERR5354944,205103,205103,paired,Illumina MiniSeq,Homo sapiens,WGS/RANDOM
PRJEB43291,ERR5354941,115163,115163,paired,Illumina MiniSeq,Homo sapiens,WGS/RANDOM
PRJEB43291,ERR5354929,9064465,9064465,paired,Illumina NovaSeq 6000,Homo sapiens,WGS/RANDOM
PRJEB43291,ERR5354930,6363671,6363671,paired,Illumina NovaSeq 6000,Homo sapiens,WGS/RANDOM
PRJEB43291,ERR5354931,128311,128311,paired,Illumina MiniSeq,Homo sapiens,WGS/RANDOM
PRJNA659919,SRR12539208,28271696,0,single,Illumina HiSeq 2500,Homo sapiens,WGS/RANDOM
PRJEB24501,ERR2675605,70824586,70824586,paired,Illumina HiSeq 2500,Homo sapiens,WGS/RANDOM
PRJEB24501,ERR2675606,39574100,39574100,paired,Illumina HiSeq 2500,Homo sapiens,WGS/RANDOM
PRJEB24501,ERR2675607,43054902,43054902,paired,Illumina HiSeq 2500,Homo sapiens,WGS/RANDOM
PRJEB24501,ERR2675608,48742481,48742481,paired,Illumina HiSeq 2500,Homo sapiens,WGS/RANDOM
PRJEB24501,ERR2675603,30994124,30994124,paired,Illumina HiSeq 2500,Homo sapiens,WGS/RANDOM
PRJEB24501,ERR2675604,168849562,168849562,paired,Illumina HiSeq 2500,Homo sapiens,WGS/RANDOM
PRJEB24501,ERR2675600,34833107,34833107,paired,Illumina HiSeq 2500,Homo sapiens,WGS/RANDOM
PRJEB24501,ERR2675601,29574592,29574592,paired,Illumina HiSeq 2500,Homo sapiens,WGS/RANDOM
PRJEB24501,ERR2675602,76640739,76640739,paired,Illumina HiSeq 2500,Homo sapiens,WGS/RANDOM
PRJEB8987,ERR922053,1527240,0,single,Illumina HiSeq 2500,Homo sapiens,WGS/RANDOM
PRJNA239147,SRR1185400,122830910,122830910,paired,Illumina HiSeq 1000,Homo sapiens,WGS/RANDOM
PRJEB61887,ERR11656730,5127853,0,single,NextSeq 500,Homo sapiens,WGS/RANDOM
PRJEB61887,ERR11656741,5043293,0,single,NextSeq 500,Homo sapiens,WGS/RANDOM
PRJEB61887,ERR11656732,7707203,0,single,NextSeq 500,Homo sapiens,WGS/RANDOM
PRJEB61887,ERR11656746,4730786,0,single,NextSeq 500,Homo sapiens,WGS/RANDOM
PRJEB61887,ERR11656742,4862469,0,single,NextSeq 500,Homo sapiens,WGS/RANDOM
PRJEB61887,ERR11656743,5388375,0,single,NextSeq 500,Homo sapiens,WGS/RANDOM
PRJEB61887,ERR11656739,5177009,0,single,NextSeq 500,Homo sapiens,WGS/RANDOM
PRJEB61887,ERR11656736,4801208,0,single,NextSeq 500,Homo sapiens,WGS/RANDOM
PRJEB61887,ERR11656748,4610130,0,single,NextSeq 500,Homo sapiens,WGS/RANDOM
PRJEB61887,ERR11656729,6856759,0,single,NextSeq 500,Homo sapiens,WGS/RANDOM
PRJEB61887,ERR11656738,5246187,0,single,NextSeq 500,Homo sapiens,WGS/RANDOM
PRJEB61887,ERR11656734,5547090,0,single,NextSeq 500,Homo sapiens,WGS/RANDOM
PRJEB61887,ERR11656747,5516651,0,single,NextSeq 500,Homo sapiens,WGS/RANDOM
PRJEB61887,ERR11656737,5156755,0,single,NextSeq 500,Homo sapiens,WGS/RANDOM
PRJEB61887,ERR11656745,5344843,0,single,NextSeq 500,Homo sapiens,WGS/RANDOM
PRJEB61887,ERR11656744,5738275,0,single,NextSeq 500,Homo sapiens,WGS/RANDOM
PRJEB61887,ERR11656731,4679906,0,single,NextSeq 500,Homo sapiens,WGS/RANDOM
PRJEB61887,ERR11656733,4800945,0,single,NextSeq 500,Homo sapiens,WGS/RANDOM
PRJEB61887,ERR11656735,4848844,0,single,NextSeq 500,Homo sapiens,WGS/RANDOM
PRJEB61887,ERR11656740,7241723,0,single,NextSeq 500,Homo sapiens,WGS/RANDOM
PRJEB55583,ERR10114859,87637212,87637212,paired,NextSeq 500,Homo sapiens,WGS/RANDOM
PRJEB55583,ERR10114860,88457632,88457632,paired,NextSeq 500,Homo sapiens,WGS/RANDOM
PRJEB55583,ERR10114857,120396137,120396137,paired,NextSeq 500,Homo sapiens,WGS/RANDOM
PRJEB55583,ERR10114848,11295455,11295455,paired,NextSeq 500,Homo sapiens,WGS/RANDOM
PRJEB55583,ERR10114849,10503903,10503903,paired,NextSeq 500,Homo sapiens,WGS/RANDOM
PRJEB55583,ERR10114850,11599297,11599297,paired,NextSeq 500,Homo sapiens,WGS/RANDOM
PRJEB58818,ERR10841228,7695982,7695982,paired,Illumina HiSeq X,Homo sapiens,WGS/RANDOM
PRJEB37995,ERR8050967,36049060,0,single,Illumina HiSeq 2500,Homo sapiens,WGS/RANDOM
PRJNA557308,SRR9898613,4496616,0,paired,Illumina HiSeq 2500,Homo sapiens,WGS/RANDOM
PRJEB25624,ERR2900778,21623173,21623173,paired,Illumina HiSeq 2500,Homo sapiens,WGS/RANDOM
PRJEB25624,ERR2900772,9599653,9599653,paired,Illumina HiSeq 2500,Homo sapiens,WGS/RANDOM
PRJEB25624,ERR2900774,16166076,16166076,paired,Illumina HiSeq 2500,Homo sapiens,WGS/RANDOM
PRJEB25624,ERR2900776,7453959,7453959,paired,Illumina HiSeq 2500,Homo sapiens,WGS/RANDOM
PRJEB25624,ERR2900768,8646847,8646847,paired,Illumina HiSeq 2500,Homo sapiens,WGS/RANDOM
PRJEB25624,ERR2900770,51675986,51675986,paired,Illumina HiSeq 2500,Homo sapiens,WGS/RANDOM
PRJEB25624,ERR2900762,7616182,7616182,paired,Illumina HiSeq 2500,Homo sapiens,WGS/RANDOM
PRJEB25624,ERR2900764,6961981,6961981,paired,Illumina HiSeq 2500,Homo sapiens,WGS/RANDOM
PRJEB25624,ERR2900766,27119956,27119956,paired,Illumina HiSeq 2500,Homo sapiens,WGS/RANDOM
PRJEB25624,ERR2900758,5624287,5624287,paired,Illumina HiSeq 2500,Homo sapiens,WGS/RANDOM
PRJEB25624,ERR2900760,5972509,5972509,paired,Illumina HiSeq 2500,Homo sapiens,WGS/RANDOM
PRJEB25624,ERR2900752,11681424,11681424,paired,Illumina HiSeq 2500,Homo sapiens,WGS/RANDOM
PRJEB25624,ERR2900754,33303658,33303658,paired,Illumina HiSeq 2500,Homo sapiens,WGS/RANDOM
PRJEB25624,ERR2900756,5780869,5780869,paired,Illumina HiSeq 2500,Homo sapiens,WGS/RANDOM
PRJEB25624,ERR2900748,13944283,13944283,paired,Illumina HiSeq 2500,Homo sapiens,WGS/RANDOM
PRJEB25624,ERR2900750,30574553,30574553,paired,Illumina HiSeq 2500,Homo sapiens,WGS/RANDOM
PRJEB25624,ERR2900742,30575904,30575904,paired,Illumina HiSeq 2500,Homo sapiens,WGS/RANDOM
PRJEB25624,ERR2900744,11373256,11373256,paired,Illumina HiSeq 2500,Homo sapiens,WGS/RANDOM
PRJEB25624,ERR2900746,15279369,15279369,paired,Illumina HiSeq 2500,Homo sapiens,WGS/RANDOM
PRJEB25624,ERR2900738,65985844,65985844,paired,Illumina HiSeq 2500,Homo sapiens,WGS/RANDOM
PRJEB25624,ERR2900740,9297892,9297892,paired,Illumina HiSeq 2500,Homo sapiens,WGS/RANDOM
PRJEB25624,ERR2900732,8281186,8281186,paired,Illumina HiSeq 2500,Homo sapiens,WGS/RANDOM
PRJEB25624,ERR2900734,15866031,15866031,paired,Illumina HiSeq 2500,Homo sapiens,WGS/RANDOM
PRJEB25624,ERR2900736,22466043,22466043,paired,Illumina HiSeq 2500,Homo sapiens,WGS/RANDOM
PRJNA293758,SRR2229975,132145,0,paired,Illumina HiSeq 2500,Homo sapiens,WGS/RANDOM
PRJNA293758,SRR2229973,723984,0,paired,Illumina HiSeq 2500,Homo sapiens,WGS/RANDOM
PRJEB44507,ERR5766179,929202,929202,paired,Illumina MiSeq,Homo sapiens,WGS/RANDOM
PRJEB44507,ERR5766180,801532,801532,paired,Illumina MiSeq,Homo sapiens,WGS/RANDOM
PRJEB44507,ERR5766181,537544,537544,paired,Illumina MiSeq,Homo sapiens,WGS/RANDOM
PRJEB44507,ERR5766182,69418179,69418179,paired,Illumina HiSeq 2500,Homo sapiens,WGS/RANDOM
PRJEB44507,ERR5766183,42096166,42096166,paired,HiSeq X Ten,Homo sapiens,WGS/RANDOM
PRJEB44507,ERR5766174,787877,787877,paired,Illumina MiSeq,Homo sapiens,WGS/RANDOM
PRJEB44507,ERR5766175,1135089,1135089,paired,Illumina MiSeq,Homo sapiens,WGS/RANDOM
PRJEB44507,ERR5766176,632060,632060,paired,Illumina MiSeq,Homo sapiens,WGS/RANDOM
PRJEB44507,ERR5766177,76731006,76731006,paired,Illumina HiSeq 2500,Homo sapiens,WGS/RANDOM
PRJEB44507,ERR5766178,61777642,61777642,paired,HiSeq X Ten,Homo sapiens,WGS/RANDOM
PRJEB44507,ERR5766169,58579854,58579854,paired,Illumina HiSeq 2500,Homo sapiens,WGS/RANDOM
PRJEB44507,ERR5766170,2893416,2893416,paired,HiSeq X Ten,Homo sapiens,WGS/RANDOM
PRJEB44507,ERR5766171,1621447,1621447,paired,Illumina MiSeq,Homo sapiens,WGS/RANDOM
PRJEB44507,ERR5766172,116739054,116739054,paired,Illumina HiSeq 2500,Homo sapiens,WGS/RANDOM
PRJEB44507,ERR5766173,106371046,106371046,paired,HiSeq X Ten,Homo sapiens,WGS/RANDOM
PRJEB44507,ERR5766165,1002040,1002040,paired,Illumina MiSeq,Homo sapiens,WGS/RANDOM
PRJEB44507,ERR5766166,55525047,55525047,paired,Illumina HiSeq 2500,Homo sapiens,WGS/RANDOM
PRJEB44507,ERR5766167,104905808,104905808,paired,HiSeq X Ten,Homo sapiens,WGS/RANDOM
PRJEB44507,ERR5766168,959084,959084,paired,Illumina MiSeq,Homo sapiens,WGS/RANDOM
PRJEB91735,ERR15308372,8122230,8122230,paired,Illumina HiSeq 2500,Homo sapiens,WGS/RANDOM
PRJEB44723,ERR14161589,17695669,17695669,paired,Illumina HiSeq 2500,Homo sapiens,WGS/RANDOM
PRJEB44723,ERR14161581,18437462,18437462,paired,Illumina HiSeq 2500,Homo sapiens,WGS/RANDOM
PRJEB46798,ERR6422465,155532799,155532799,paired,HiSeq X Ten,Homo sapiens,WGS/RANDOM
PRJEB46798,ERR6422469,514282394,514282394,paired,HiSeq X Ten,Homo sapiens,WGS/RANDOM
PRJEB46798,ERR6422473,531960159,531960159,paired,HiSeq X Ten,Homo sapiens,WGS/RANDOM
PRJEB46798,ERR6414094,9509594,0,paired,HiSeq X Ten,Homo sapiens,WGS/RANDOM
PRJEB46798,ERR6422464,78014182,78014182,paired,HiSeq X Ten,Homo sapiens,WGS/RANDOM
PRJEB46798,ERR6422467,351584440,351584440,paired,HiSeq X Ten,Homo sapiens,WGS/RANDOM
PRJEB46798,ERR6422470,41767945,41767945,paired,HiSeq X Ten,Homo sapiens,WGS/RANDOM
PRJEB46798,ERR6422471,40424364,40424364,paired,HiSeq X Ten,Homo sapiens,WGS/RANDOM
PRJEB46798,ERR6414099,14338696,0,paired,HiSeq X Ten,Homo sapiens,WGS/RANDOM
PRJEB46798,ERR6414101,14637626,0,paired,HiSeq X Ten,Homo sapiens,WGS/RANDOM
PRJEB46798,ERR6422466,267161587,267161587,paired,HiSeq X Ten,Homo sapiens,WGS/RANDOM
PRJEB46798,ERR6422468,88733989,88733989,paired,HiSeq X Ten,Homo sapiens,WGS/RANDOM
PRJEB46798,ERR6422472,54795956,54795956,paired,HiSeq X Ten,Homo sapiens,WGS/RANDOM
PRJEB46798,ERR6414104,9616772,0,paired,HiSeq X Ten,Homo sapiens,WGS/RANDOM
PRJNA861322,SRR20458000,501700245,501700245,paired,HiSeq X Ten,Homo sapiens,WGS/RANDOM
PRJNA865375,SRR20755928,647789366,647789366,paired,HiSeq X Ten,Homo sapiens,WGS/RANDOM
PRJNA869134,SRR21031366,561665320,561665320,paired,HiSeq X Ten,Homo sapiens,WGS/RANDOM
PRJEB44723,ERR8202910,9197600,9197600,paired,Illumina HiSeq 4000,Homo sapiens,WGS/RANDOM
PRJEB44723,ERR8202911,10704928,10704928,paired,Illumina HiSeq 4000,Homo sapiens,WGS/RANDOM
PRJEB44723,ERR8202912,9779458,9779458,paired,Illumina HiSeq 4000,Homo sapiens,WGS/RANDOM
PRJEB44723,ERR8202905,14547178,14547178,paired,Illumina HiSeq 4000,Homo sapiens,WGS/RANDOM
PRJEB44723,ERR8202906,21721248,21721248,paired,Illumina HiSeq 4000,Homo sapiens,WGS/RANDOM
PRJEB44723,ERR8202907,51411499,51411499,paired,Illumina HiSeq 4000,Homo sapiens,WGS/RANDOM
PRJEB44723,ERR8202908,26500372,26500372,paired,Illumina HiSeq 4000,Homo sapiens,WGS/RANDOM
PRJEB44723,ERR8202909,26411722,26411722,paired,Illumina HiSeq 4000,Homo sapiens,WGS/RANDOM
PRJEB44723,ERR8202900,4066790,4066790,paired,Illumina HiSeq 4000,Homo sapiens,WGS/RANDOM
PRJEB44723,ERR8202901,9709341,9709341,paired,Illumina HiSeq 2500,Homo sapiens,WGS/RANDOM
PRJEB44723,ERR8202902,26083312,26083312,paired,Illumina HiSeq 2500,Homo sapiens,WGS/RANDOM
PRJEB44723,ERR8202903,9717883,9717883,paired,Illumina HiSeq 2500,Homo sapiens,WGS/RANDOM
PRJEB44723,ERR8202904,6637028,6637028,paired,Illumina HiSeq 2500,Homo sapiens,WGS/RANDOM
PRJEB44723,ERR6221492,12582740,12582740,paired,Illumina HiSeq 2500,Homo sapiens,WGS/RANDOM
PRJEB44723,ERR6221493,5957277,5957277,paired,Illumina HiSeq 4000,Homo sapiens,WGS/RANDOM
PRJEB44723,ERR6221489,12502882,12502882,paired,Illumina HiSeq 4000,Homo sapiens,WGS/RANDOM
PRJEB46875,ERR6454752,9616772,0,paired,HiSeq X Ten,Homo sapiens,WGS/RANDOM
PRJEB46875,ERR6454751,24975462,0,paired,HiSeq X Ten,Homo sapiens,WGS/RANDOM
PRJEB46875,ERR6454750,21272623,0,paired,HiSeq X Ten,Homo sapiens,WGS/RANDOM
PRJEB46875,ERR6454749,14637626,0,paired,HiSeq X Ten,Homo sapiens,WGS/RANDOM
PRJEB46875,ERR6454748,47727779,0,paired,HiSeq X Ten,Homo sapiens,WGS/RANDOM
PRJEB46875,ERR6454747,1040605,0,paired,HiSeq X Ten,Homo sapiens,WGS/RANDOM
PRJEB46875,ERR6454746,3951334,0,paired,HiSeq X Ten,Homo sapiens,WGS/RANDOM
PRJEB46875,ERR6454745,4989871,0,paired,HiSeq X Ten,Homo sapiens,WGS/RANDOM
PRJEB46875,ERR6454740,14338696,0,paired,HiSeq X Ten,Homo sapiens,WGS/RANDOM
PRJEB46875,ERR6454744,941905,0,paired,HiSeq X Ten,Homo sapiens,WGS/RANDOM
PRJEB46875,ERR6454741,358573,0,paired,HiSeq X Ten,Homo sapiens,WGS/RANDOM
PRJEB46875,ERR6454743,66497572,0,paired,HiSeq X Ten,Homo sapiens,WGS/RANDOM
PRJEB46875,ERR6454742,81748872,0,paired,HiSeq X Ten,Homo sapiens,WGS/RANDOM
PRJEB46875,ERR6454739,22235713,0,paired,HiSeq X Ten,Homo sapiens,WGS/RANDOM
PRJEB46875,ERR6454738,32853275,0,paired,HiSeq X Ten,Homo sapiens,WGS/RANDOM
PRJEB46875,ERR6454737,22766378,0,paired,HiSeq X Ten,Homo sapiens,WGS/RANDOM
PRJEB46875,ERR6454736,40471533,0,paired,HiSeq X Ten,Homo sapiens,WGS/RANDOM
PRJEB46875,ERR6454735,9509594,0,paired,HiSeq X Ten,Homo sapiens,WGS/RANDOM
PRJNA664979,SRR12692390,165793,48525,paired,Illumina NovaSeq 6000,Homo sapiens,WGS/RANDOM
PRJEB33848,ERR4413529,241096498,241096498,paired,Illumina HiSeq 4000,Homo sapiens,WGS/RANDOM
PRJEB33848,ERR4408185,3058580,3058580,paired,Illumina HiSeq 2500,Homo sapiens,WGS/RANDOM
PRJEB33848,ERR4408188,1557362,1557362,paired,Illumina HiSeq 2500,Homo sapiens,WGS/RANDOM
PRJEB33848,ERR4391166,123436450,123436450,paired,Illumina HiSeq 4000,Homo sapiens,WGS/RANDOM
PRJEB33848,ERR4391165,117606370,117606370,paired,Illumina HiSeq 4000,Homo sapiens,WGS/RANDOM
PRJEB33848,ERR4386594,7498748,7498748,paired,Illumina HiSeq 4000,Homo sapiens,WGS/RANDOM
PRJEB33848,ERR4388231,68309897,68309897,paired,Illumina HiSeq 4000,Homo sapiens,WGS/RANDOM
PRJEB33848,ERR4388102,2094918,2094918,paired,Illumina HiSeq 4000,Homo sapiens,WGS/RANDOM
PRJEB33848,ERR4388107,2043769,2043769,paired,Illumina HiSeq 4000,Homo sapiens,WGS/RANDOM
PRJEB33848,ERR4388236,85981168,85981168,paired,Illumina HiSeq 4000,Homo sapiens,WGS/RANDOM
PRJEB33848,ERR4386464,214096221,214096221,paired,Illumina HiSeq 4000,Homo sapiens,WGS/RANDOM
PRJEB33848,ERR4384927,1151423,1151423,paired,Illumina HiSeq 4000,Homo sapiens,WGS/RANDOM
PRJEB33848,ERR4385800,3669179,3669179,paired,Illumina HiSeq 4000,Homo sapiens,WGS/RANDOM
PRJEB33848,ERR4385809,12607106,12607106,paired,Illumina HiSeq 4000,Homo sapiens,WGS/RANDOM
PRJEB33848,ERR4386569,72657115,72657115,paired,Illumina HiSeq 4000,Homo sapiens,WGS/RANDOM
PRJEB33848,ERR4375143,1584556,1584556,paired,Illumina HiSeq 2500,Homo sapiens,WGS/RANDOM
PRJEB33848,ERR4375142,1570976,1570976,paired,Illumina HiSeq 2500,Homo sapiens,WGS/RANDOM
PRJEB33848,ERR4375144,22570691,0,single,Illumina HiSeq 4000,Homo sapiens,WGS/RANDOM
PRJEB33848,ERR4383828,27168496,0,single,Illumina HiSeq 4000,Homo sapiens,WGS/RANDOM
PRJEB33848,ERR4383829,25875319,0,single,Illumina HiSeq 4000,Homo sapiens,WGS/RANDOM
PRJEB33848,ERR4375136,1541347,1541347,paired,Illumina HiSeq 2500,Homo sapiens,WGS/RANDOM
PRJEB33848,ERR4375137,1713268,1713268,paired,Illumina HiSeq 2500,Homo sapiens,WGS/RANDOM
PRJEB33848,ERR4375141,1782693,1782693,paired,Illumina HiSeq 2500,Homo sapiens,WGS/RANDOM
PRJEB33848,ERR4375134,1716570,1716570,paired,Illumina HiSeq 2500,Homo sapiens,WGS/RANDOM
PRJEB33848,ERR4375049,1945335,1945335,paired,Illumina HiSeq 2500,Homo sapiens,WGS/RANDOM
PRJEB33848,ERR4375048,1787448,1787448,paired,Illumina HiSeq 2500,Homo sapiens,WGS/RANDOM
PRJEB33848,ERR4375132,1769040,1769040,paired,Illumina HiSeq 2500,Homo sapiens,WGS/RANDOM
PRJEB33848,ERR4375050,1574769,1574769,paired,Illumina HiSeq 2500,Homo sapiens,WGS/RANDOM
PRJEB33848,ERR4375133,1632750,1632750,paired,Illumina HiSeq 2500,Homo sapiens,WGS/RANDOM
PRJEB33848,ERR4375040,1690163,1690163,paired,Illumina HiSeq 2500,Homo sapiens,WGS/RANDOM
PRJEB33848,ERR4375042,1464854,1464854,paired,Illumina HiSeq 2500,Homo sapiens,WGS/RANDOM
PRJEB33848,ERR4375045,2090514,2090514,paired,Illumina HiSeq 2500,Homo sapiens,WGS/RANDOM
PRJEB33848,ERR4375046,1825041,1825041,paired,Illumina HiSeq 2500,Homo sapiens,WGS/RANDOM
PRJEB33848,ERR4375032,1724062,1724062,paired,Illumina HiSeq 2500,Homo sapiens,WGS/RANDOM
PRJEB33848,ERR4375017,1799801,1799801,paired,Illumina HiSeq 2500,Homo sapiens,WGS/RANDOM
PRJEB33848,ERR4375036,1665537,1665537,paired,Illumina HiSeq 2500,Homo sapiens,WGS/RANDOM
PRJEB33848,ERR4375039,1618309,1618309,paired,Illumina HiSeq 2500,Homo sapiens,WGS/RANDOM
PRJEB33848,ERR4375010,1897513,1897513,paired,Illumina HiSeq 2500,Homo sapiens,WGS/RANDOM
PRJEB33848,ERR4374963,1749506,1749506,paired,Illumina HiSeq 2500,Homo sapiens,WGS/RANDOM
PRJEB33848,ERR4374948,1675402,1675402,paired,Illumina HiSeq 2500,Homo sapiens,WGS/RANDOM
PRJEB33848,ERR4375011,1838657,1838657,paired,Illumina HiSeq 2500,Homo sapiens,WGS/RANDOM
PRJEB33848,ERR4374962,1830412,1830412,paired,Illumina HiSeq 2500,Homo sapiens,WGS/RANDOM
PRJEB33848,ERR4374925,1450127,1450127,paired,Illumina HiSeq 2500,Homo sapiens,WGS/RANDOM
PRJEB33848,ERR4374926,1638723,1638723,paired,Illumina HiSeq 2500,Homo sapiens,WGS/RANDOM
PRJEB33848,ERR4374929,1724158,1724158,paired,Illumina HiSeq 2500,Homo sapiens,WGS/RANDOM
PRJEB33848,ERR4374928,1690551,1690551,paired,Illumina HiSeq 2500,Homo sapiens,WGS/RANDOM
PRJEB33848,ERR4374927,1547333,1547333,paired,Illumina HiSeq 2500,Homo sapiens,WGS/RANDOM
PRJEB33848,ERR4374923,1688220,1688220,paired,Illumina HiSeq 2500,Homo sapiens,WGS/RANDOM
PRJEB33848,ERR4374924,1680416,1680416,paired,Illumina HiSeq 2500,Homo sapiens,WGS/RANDOM
PRJEB33848,ERR4374918,1555905,1555905,paired,Illumina HiSeq 2500,Homo sapiens,WGS/RANDOM
PRJEB33848,ERR4374915,1562934,1562934,paired,Illumina HiSeq 2500,Homo sapiens,WGS/RANDOM
PRJEB33848,ERR4374917,1567470,1567470,paired,Illumina HiSeq 2500,Homo sapiens,WGS/RANDOM
PRJEB33848,ERR4374916,1549710,1549710,paired,Illumina HiSeq 2500,Homo sapiens,WGS/RANDOM
PRJEB33848,ERR4374912,1780424,1780424,paired,Illumina HiSeq 2500,Homo sapiens,WGS/RANDOM
PRJEB33848,ERR4374913,1532250,1532250,paired,Illumina HiSeq 2500,Homo sapiens,WGS/RANDOM
PRJEB33848,ERR4374875,1893965,1893965,paired,Illumina HiSeq 2500,Homo sapiens,WGS/RANDOM
PRJEB33848,ERR4374914,1586988,1586988,paired,Illumina HiSeq 2500,Homo sapiens,WGS/RANDOM
PRJEB33848,ERR4374874,1862740,1862740,paired,Illumina HiSeq 2500,Homo sapiens,WGS/RANDOM
PRJEB33848,ERR4374870,1619212,1619212,paired,Illumina HiSeq 2500,Homo sapiens,WGS/RANDOM
PRJEB33848,ERR4374869,1752726,1752726,paired,Illumina HiSeq 2500,Homo sapiens,WGS/RANDOM
PRJEB33848,ERR4374871,2505651,2505651,paired,Illumina HiSeq 2500,Homo sapiens,WGS/RANDOM
PRJEB33848,ERR4374872,1636099,1636099,paired,Illumina HiSeq 2500,Homo sapiens,WGS/RANDOM
PRJEB33848,ERR4374873,2075017,2075017,paired,Illumina HiSeq 2500,Homo sapiens,WGS/RANDOM
PRJEB33848,ERR4374867,1669897,1669897,paired,Illumina HiSeq 2500,Homo sapiens,WGS/RANDOM
PRJEB33848,ERR4374864,2299985,2299985,paired,Illumina HiSeq 2500,Homo sapiens,WGS/RANDOM
PRJEB33848,ERR4374866,1923470,1923470,paired,Illumina HiSeq 2500,Homo sapiens,WGS/RANDOM
PRJEB33848,ERR4374868,2790558,2790558,paired,Illumina HiSeq 2500,Homo sapiens,WGS/RANDOM
PRJEB33848,ERR4374859,2331677,2331677,paired,Illumina HiSeq 2500,Homo sapiens,WGS/RANDOM
PRJEB33848,ERR4374863,1302721,1302721,paired,Illumina HiSeq 2500,Homo sapiens,WGS/RANDOM
PRJEB33848,ERR4374861,1709075,1709075,paired,Illumina HiSeq 2500,Homo sapiens,WGS/RANDOM
PRJEB33848,ERR4374862,1634745,1634745,paired,Illumina HiSeq 2500,Homo sapiens,WGS/RANDOM
PRJEB33848,ERR4374860,1545959,1545959,paired,Illumina HiSeq 2500,Homo sapiens,WGS/RANDOM
PRJEB33848,ERR4374857,2158015,2158015,paired,Illumina HiSeq 2500,Homo sapiens,WGS/RANDOM
PRJEB33848,ERR4374858,1482762,1482762,paired,Illumina HiSeq 2500,Homo sapiens,WGS/RANDOM
PRJEB33848,ERR4374839,9259693,9259693,paired,Illumina HiSeq 2500,Homo sapiens,WGS/RANDOM
PRJEB33848,ERR4374851,1719416,1719416,paired,Illumina HiSeq 2500,Homo sapiens,WGS/RANDOM
PRJEB33848,ERR4374055,1446762,1446762,paired,Illumina HiSeq 2500,Homo sapiens,WGS/RANDOM
PRJEB33848,ERR4374053,1545893,1545893,paired,Illumina HiSeq 2500,Homo sapiens,WGS/RANDOM
PRJEB33848,ERR4374589,1642879,1642879,paired,Illumina HiSeq 2500,Homo sapiens,WGS/RANDOM
PRJEB33848,ERR4374052,1288234,1288234,paired,Illumina HiSeq 2500,Homo sapiens,WGS/RANDOM
PRJEB33848,ERR4374588,1696886,1696886,paired,Illumina HiSeq 2500,Homo sapiens,WGS/RANDOM
PRJEB33848,ERR4374048,2122344,2122344,paired,Illumina HiSeq 2500,Homo sapiens,WGS/RANDOM
PRJEB33848,ERR4374047,1615227,1615227,paired,Illumina HiSeq 2500,Homo sapiens,WGS/RANDOM
PRJEB33848,ERR4374051,1520978,1520978,paired,Illumina HiSeq 2500,Homo sapiens,WGS/RANDOM
PRJEB33848,ERR4374046,4476616,4476616,paired,Illumina HiSeq 2500,Homo sapiens,WGS/RANDOM
PRJEB33848,ERR4374043,4346311,4346311,paired,Illumina HiSeq 2500,Homo sapiens,WGS/RANDOM
PRJEB33848,ERR4374042,1338722,1338722,paired,Illumina HiSeq 2500,Homo sapiens,WGS/RANDOM
PRJEB33848,ERR4374045,1621490,1621490,paired,Illumina HiSeq 2500,Homo sapiens,WGS/RANDOM
PRJEB33848,ERR4374044,1956355,1956355,paired,Illumina HiSeq 2500,Homo sapiens,WGS/RANDOM
PRJEB33848,ERR4374037,2136032,2136032,paired,Illumina HiSeq 2500,Homo sapiens,WGS/RANDOM
PRJEB33848,ERR4374038,1608171,1608171,paired,Illumina HiSeq 2500,Homo sapiens,WGS/RANDOM
PRJEB33848,ERR4374039,1722930,1722930,paired,Illumina HiSeq 2500,Homo sapiens,WGS/RANDOM
PRJEB33848,ERR4374041,1321231,1321231,paired,Illumina HiSeq 2500,Homo sapiens,WGS/RANDOM
PRJEB33848,ERR4374032,1555902,1555902,paired,Illumina HiSeq 2500,Homo sapiens,WGS/RANDOM
PRJEB33848,ERR4374035,2408551,2408551,paired,Illumina HiSeq 2500,Homo sapiens,WGS/RANDOM
PRJEB33848,ERR4374036,1489554,1489554,paired,Illumina HiSeq 2500,Homo sapiens,WGS/RANDOM
PRJEB33848,ERR4374033,4972760,4972760,paired,Illumina HiSeq 2500,Homo sapiens,WGS/RANDOM
PRJEB33848,ERR4374034,1766342,1766342,paired,Illumina HiSeq 2500,Homo sapiens,WGS/RANDOM
PRJEB33848,ERR4374031,1510632,1510632,paired,Illumina HiSeq 2500,Homo sapiens,WGS/RANDOM
PRJEB33848,ERR4374028,1471180,1471180,paired,Illumina HiSeq 2500,Homo sapiens,WGS/RANDOM
PRJEB33848,ERR4374027,1862642,1862642,paired,Illumina HiSeq 2500,Homo sapiens,WGS/RANDOM
PRJEB33848,ERR4374029,2449784,2449784,paired,Illumina HiSeq 2500,Homo sapiens,WGS/RANDOM
PRJEB33848,ERR4374030,1666084,1666084,paired,Illumina HiSeq 2500,Homo sapiens,WGS/RANDOM
PRJEB33848,ERR4374026,2679085,2679085,paired,Illumina HiSeq 2500,Homo sapiens,WGS/RANDOM
PRJEB33848,ERR4374025,1276554,1276554,paired,Illumina HiSeq 2500,Homo sapiens,WGS/RANDOM
PRJEB33848,ERR4374023,2645123,2645123,paired,Illumina HiSeq 2500,Homo sapiens,WGS/RANDOM
PRJEB33848,ERR4374024,1624377,1624377,paired,Illumina HiSeq 2500,Homo sapiens,WGS/RANDOM
PRJEB33848,ERR4374022,1605751,1605751,paired,Illumina HiSeq 2500,Homo sapiens,WGS/RANDOM
PRJEB33848,ERR4374017,2363555,2363555,paired,Illumina HiSeq 2500,Homo sapiens,WGS/RANDOM
PRJEB33848,ERR4374021,2420852,2420852,paired,Illumina HiSeq 2500,Homo sapiens,WGS/RANDOM
PRJEB33848,ERR4374020,4243423,4243423,paired,Illumina HiSeq 2500,Homo sapiens,WGS/RANDOM
PRJEB33848,ERR4374019,1592295,1592295,paired,Illumina HiSeq 2500,Homo sapiens,WGS/RANDOM
PRJEB33848,ERR4374015,5086434,5086434,paired,Illumina HiSeq 2500,Homo sapiens,WGS/RANDOM
PRJEB33848,ERR4374016,1435984,1435984,paired,Illumina HiSeq 2500,Homo sapiens,WGS/RANDOM
PRJEB33848,ERR4374014,1659994,1659994,paired,Illumina HiSeq 2500,Homo sapiens,WGS/RANDOM
PRJEB33848,ERR4374012,2726683,2726683,paired,Illumina HiSeq 2500,Homo sapiens,WGS/RANDOM
PRJEB33848,ERR4374007,1552798,1552798,paired,Illumina HiSeq 2500,Homo sapiens,WGS/RANDOM
PRJEB33848,ERR4374009,1807676,1807676,paired,Illumina HiSeq 2500,Homo sapiens,WGS/RANDOM
PRJEB33848,ERR4374011,2920994,2920994,paired,Illumina HiSeq 2500,Homo sapiens,WGS/RANDOM
PRJEB33848,ERR4374008,3702377,3702377,paired,Illumina HiSeq 2500,Homo sapiens,WGS/RANDOM
PRJEB33848,ERR4374006,1521448,1521448,paired,Illumina HiSeq 2500,Homo sapiens,WGS/RANDOM
PRJEB33848,ERR4374004,1990795,1990795,paired,Illumina HiSeq 2500,Homo sapiens,WGS/RANDOM
PRJEB33848,ERR4374002,2453295,2453295,paired,Illumina HiSeq 2500,Homo sapiens,WGS/RANDOM
PRJEB33848,ERR4374003,1535338,1535338,paired,Illumina HiSeq 2500,Homo sapiens,WGS/RANDOM
PRJEB33848,ERR4374005,1387656,1387656,paired,Illumina HiSeq 2500,Homo sapiens,WGS/RANDOM
PRJEB33848,ERR4373999,1826213,1826213,paired,Illumina HiSeq 2500,Homo sapiens,WGS/RANDOM
PRJEB33848,ERR4374000,1764385,1764385,paired,Illumina HiSeq 2500,Homo sapiens,WGS/RANDOM
PRJEB33848,ERR4373998,1535338,1535338,paired,Illumina HiSeq 2500,Homo sapiens,WGS/RANDOM
PRJEB33848,ERR4373997,1405683,1405683,paired,Illumina HiSeq 2500,Homo sapiens,WGS/RANDOM
PRJEB33848,ERR4374001,1405683,1405683,paired,Illumina HiSeq 2500,Homo sapiens,WGS/RANDOM
PRJEB33848,ERR4373996,1826213,1826213,paired,Illumina HiSeq 2500,Homo sapiens,WGS/RANDOM
PRJEB33848,ERR4373995,1764385,1764385,paired,Illumina HiSeq 2500,Homo sapiens,WGS/RANDOM
PRJEB33848,ERR4373979,73611048,73611048,paired,Illumina HiSeq 4000,Homo sapiens,WGS/RANDOM
PRJEB33848,ERR4373198,191481,191481,paired,Illumina HiSeq 2500,Homo sapiens,WGS/RANDOM
PRJEB33848,ERR4373199,256223,256223,paired,Illumina HiSeq 2500,Homo sapiens,WGS/RANDOM
PRJEB33848,ERR4373191,216601,216601,paired,Illumina HiSeq 2500,Homo sapiens,WGS/RANDOM
PRJEB33848,ERR4373192,287749,287749,paired,Illumina HiSeq 2500,Homo sapiens,WGS/RANDOM
PRJEB33848,ERR4373194,213003,213003,paired,Illumina HiSeq 2500,Homo sapiens,WGS/RANDOM
PRJEB33848,ERR4373196,260856,260856,paired,Illumina HiSeq 2500,Homo sapiens,WGS/RANDOM
PRJEB33848,ERR4373197,256341,256341,paired,Illumina HiSeq 2500,Homo sapiens,WGS/RANDOM
PRJEB33848,ERR4373186,537084,537084,paired,Illumina HiSeq 2500,Homo sapiens,WGS/RANDOM
PRJEB33848,ERR4373187,582051,582051,paired,Illumina HiSeq 2500,Homo sapiens,WGS/RANDOM
PRJEB33848,ERR4373189,188541,188541,paired,Illumina HiSeq 2500,Homo sapiens,WGS/RANDOM
PRJEB33848,ERR4373190,364358,364358,paired,Illumina HiSeq 2500,Homo sapiens,WGS/RANDOM
PRJEB33848,ERR4373177,928609,928609,paired,Illumina HiSeq 2500,Homo sapiens,WGS/RANDOM
PRJEB33848,ERR4373182,472074,472074,paired,Illumina HiSeq 2500,Homo sapiens,WGS/RANDOM
PRJEB33848,ERR4373183,489496,489496,paired,Illumina HiSeq 2500,Homo sapiens,WGS/RANDOM
PRJEB33848,ERR4373184,543605,543605,paired,Illumina HiSeq 2500,Homo sapiens,WGS/RANDOM
PRJEB33848,ERR4373185,497334,497334,paired,Illumina HiSeq 2500,Homo sapiens,WGS/RANDOM
PRJEB33848,ERR4373164,105180,105180,paired,NextSeq 500,Homo sapiens,WGS/RANDOM
PRJEB33848,ERR4373173,531755,531755,paired,Illumina HiSeq 2500,Homo sapiens,WGS/RANDOM
PRJEB33848,ERR4373176,334912,334912,paired,Illumina HiSeq 2500,Homo sapiens,WGS/RANDOM
PRJEB33848,ERR4373169,969882,969882,paired,Illumina HiSeq 2500,Homo sapiens,WGS/RANDOM
PRJEB33848,ERR4373159,3300317,3300317,paired,NextSeq 500,Homo sapiens,WGS/RANDOM
PRJEB33848,ERR4373161,295362,295362,paired,NextSeq 500,Homo sapiens,WGS/RANDOM
PRJEB33848,ERR4373153,3524259,3524259,paired,NextSeq 500,Homo sapiens,WGS/RANDOM
PRJEB33848,ERR4373119,3936938,3936938,paired,NextSeq 500,Homo sapiens,WGS/RANDOM
PRJEB33848,ERR4373134,3502208,3502208,paired,NextSeq 500,Homo sapiens,WGS/RANDOM
PRJEB20294,ERR1937835,44375613,44375613,paired,Illumina HiSeq 2500,Homo sapiens,WGS/RANDOM
PRJEB20294,ERR1937832,71043427,71043427,paired,Illumina HiSeq 2500,Homo sapiens,WGS/RANDOM
PRJEB43389,ERR5670968,834699,834699,paired,Illumina HiSeq 4000,Homo sapiens,WGS/RANDOM
PRJEB43389,ERR5670969,10672308,10672308,paired,Illumina HiSeq 4000,Homo sapiens,WGS/RANDOM
PRJEB43389,ERR5670970,13297713,13297713,paired,Illumina HiSeq 4000,Homo sapiens,WGS/RANDOM
PRJEB43389,ERR5670971,32146471,32146471,paired,Illumina HiSeq 4000,Homo sapiens,WGS/RANDOM
PRJEB43389,ERR5670972,203494,203494,paired,Illumina HiSeq 4000,Homo sapiens,WGS/RANDOM
PRJEB43389,ERR5670963,21358527,21358527,paired,Illumina HiSeq 4000,Homo sapiens,WGS/RANDOM
PRJEB43389,ERR5670964,22348051,22348051,paired,Illumina HiSeq 4000,Homo sapiens,WGS/RANDOM
PRJEB43389,ERR5670965,21970481,21970481,paired,Illumina HiSeq 4000,Homo sapiens,WGS/RANDOM
PRJEB43389,ERR5670966,23876375,23876375,paired,Illumina HiSeq 4000,Homo sapiens,WGS/RANDOM
PRJEB43389,ERR5670967,20066715,20066715,paired,Illumina HiSeq 4000,Homo sapiens,WGS/RANDOM
PRJEB43389,ERR5670958,11731809,11731809,paired,Illumina HiSeq 4000,Homo sapiens,WGS/RANDOM
PRJEB43389,ERR5670959,15470775,15470775,paired,Illumina HiSeq 4000,Homo sapiens,WGS/RANDOM
PRJEB43389,ERR5670960,11663202,11663202,paired,Illumina HiSeq 4000,Homo sapiens,WGS/RANDOM
PRJEB43389,ERR5670961,19133027,19133027,paired,Illumina HiSeq 4000,Homo sapiens,WGS/RANDOM
PRJEB43389,ERR5670962,13178635,13178635,paired,Illumina HiSeq 4000,Homo sapiens,WGS/RANDOM
PRJEB43389,ERR5670953,18860526,18860526,paired,Illumina HiSeq 4000,Homo sapiens,WGS/RANDOM
PRJEB43389,ERR5670954,12693326,12693326,paired,Illumina HiSeq 4000,Homo sapiens,WGS/RANDOM
PRJEB43389,ERR5670955,15987459,15987459,paired,Illumina HiSeq 4000,Homo sapiens,WGS/RANDOM
PRJEB43389,ERR5670956,13695579,13695579,paired,Illumina HiSeq 4000,Homo sapiens,WGS/RANDOM
PRJEB43389,ERR5670957,7018005,7018005,paired,Illumina HiSeq 4000,Homo sapiens,WGS/RANDOM
PRJEB43389,ERR5670952,11779334,11779334,paired,Illumina HiSeq 4000,Homo sapiens,WGS/RANDOM
